e0,e1,e2,e4,e5,e6,e9,e10,e11,e15,e18,e21,e22,e23
1,76.0,86.0,90.0,83.0,81.0,89.0,77.0,87.0,87.0,85.0,76.0,78.0,83
2,100.0,100.0,100.0,97.0,97.0,100.0,99.0,100.0,98.0,94.0,100.0,93.0,87
4,100.0,85.0,97.0,87.0,86.0,100.0,100.0,100.0,100.0,100.0,82.0,70.0,96
5,70.0,69.0,84.0,88.0,86.0,56.0,57.0,62.0,80.0,71.0,76.0,92.0,84
6,100.0,100.0,100.0,100.0,100.0,100.0,100.0,100.0,100.0,100.0,100.0,81.0,61
7,100.0,100.0,100.0,82.0,100.0,100.0,100.0,100.0,70.0,99.0,99.0,69.0,100
8,97.0,84.0,100.0,100.0,100.0,96.0,96.0,88.0,100.0,100.0,92.0,98.0,90
9,100.0,100.0,100.0,100.0,100.0,100.0,100.0,100.0,100.0,100.0,100.0,100.0,100
11,100.0,100.0,100.0,93.0,84.0,100.0,100.0,100.0,73.0,89.0,97.0,82.0,96
12,100.0,100.0,100.0,100.0,100.0,100.0,100.0,100.0,100.0,100.0,97.0,100.0,95
13,100.0,100.0,100.0,100.0,100.0,100.0,100.0,100.0,28.0,100.0,100.0,54.0,100
14,100.0,100.0,100.0,62.0,54.0,100.0,100.0,66.0,72.0,100.0,68.0,59.0,100
15,100.0,92.0,86.0,64.0,70.0,83.0,82.0,77.0,76.0,70.0,72.0,63.0,63
16,78.0,79.0,99.0,78.0,89.0,100.0,100.0,100.0,70.0,87.0,99.0,42.0,88
18,87.0,82.0,85.0,79.0,77.0,98.0,78.0,80.0,71.0,78.0,66.0,84.0,64
19,96.0,91.0,61.0,83.0,56.0,88.0,65.0,57.0,63.0,65.0,78.0,67.0,70
20,51.0,49.0,84.0,51.0,78.0,50.0,51.0,50.0,38.0,83.0,50.0,30.0,73
21,78.0,82.0,83.0,57.0,60.0,84.0,58.0,77.0,85.0,66.0,64.0,71.0,92
22,100.0,100.0,100.0,76.0,84.0,100.0,100.0,81.0,66.0,84.0,90.0,61.0,85
23,98.0,51.0,97.0,97.0,98.0,99.0,98.0,97.0,98.0,92.0,98.0,96.0,97
24,95.0,95.0,97.0,89.0,85.0,98.0,94.0,90.0,91.0,95.0,89.0,65.0,85
25,79.0,96.0,98.0,99.0,100.0,100.0,93.0,100.0,100.0,99.0,97.0,95.0,100
26,92.0,91.0,94.0,77.0,85.0,90.0,91.0,84.0,92.0,88.0,87.0,91.0,84
27,54.0,52.0,54.0,89.0,85.0,69.0,75.0,76.0,79.0,80.0,50.0,51.0,50
28,66.0,77.0,56.0,53.0,53.0,78.0,81.0,87.0,66.0,83.0,76.0,63.0,50
29,98.0,100.0,100.0,100.0,100.0,100.0,100.0,100.0,94.0,52.0,100.0,100.0,72
30,91.0,94.0,85.0,79.0,83.0,100.0,100.0,100.0,96.0,100.0,91.0,52.0,86
32,73.0,81.0,82.0,74.0,80.0,85.0,87.0,83.0,87.0,85.0,82.0,78.0,73
33,100.0,100.0,100.0,32.0,100.0,82.0,67.0,71.0,70.0,65.0,80.0,21.0,73
34,95.0,93.0,87.0,99.0,95.0,100.0,95.0,96.0,91.0,98.0,95.0,100.0,82
35,82.0,100.0,84.0,79.0,83.0,94.0,97.0,95.0,95.0,94.0,71.0,88.0,80
36,100.0,100.0,100.0,71.0,73.0,100.0,100.0,70.0,1.0,100.0,77.0,1.0,63
37,75.0,100.0,95.0,94.0,97.0,100.0,100.0,100.0,78.0,100.0,83.0,50.0,41
38,100.0,94.0,100.0,100.0,100.0,100.0,100.0,100.0,100.0,94.0,92.0,92.0,87
39,94.0,96.0,96.0,93.0,97.0,99.0,94.0,80.0,76.0,91.0,93.0,100.0,68
40,97.0,100.0,100.0,90.0,94.0,100.0,100.0,100.0,50.0,96.0,91.0,20.0,45
41,80.0,85.0,84.0,81.0,83.0,83.0,78.0,78.0,81.0,83.0,59.0,49.0,53
42,100.0,100.0,100.0,56.0,50.0,50.0,50.0,51.0,59.0,72.0,100.0,50.0,23
43,100.0,100.0,100.0,54.0,92.0,100.0,91.0,76.0,84.0,96.0,93.0,91.0,100
45,98.0,100.0,100.0,88.0,100.0,98.0,99.0,98.0,78.0,72.0,100.0,99.0,94
46,98.0,96.0,83.0,95.0,91.0,97.0,96.0,94.0,88.0,96.0,93.0,36.0,92
48,78.0,62.0,74.0,63.0,64.0,56.0,49.0,55.0,61.0,63.0,81.0,54.0,60
49,75.0,50.0,56.0,72.0,71.0,72.0,76.0,68.0,50.0,71.0,65.0,72.0,59
50,87.0,85.0,87.0,92.0,94.0,88.0,89.0,88.0,92.0,85.0,91.0,66.0,76
51,64.0,66.0,61.0,64.0,63.0,71.0,64.0,69.0,77.0,62.0,67.0,57.0,55
52,95.0,97.0,97.0,87.0,94.0,99.0,88.0,90.0,88.0,96.0,86.0,78.0,81
53,64.0,81.0,76.0,100.0,100.0,100.0,100.0,100.0,65.0,100.0,100.0,25.0,100
54,100.0,100.0,100.0,33.0,30.0,100.0,94.0,71.0,50.0,88.0,88.0,67.0,54
55,96.0,79.0,96.0,89.0,100.0,98.0,99.0,98.0,89.0,83.0,100.0,100.0,95
56,82.0,63.0,70.0,54.0,55.0,81.0,76.0,78.0,65.0,72.0,71.0,61.0,68
57,100.0,100.0,100.0,71.0,59.0,100.0,100.0,100.0,57.0,79.0,73.0,81.0,74
58,84.0,77.0,78.0,81.0,78.0,73.0,70.0,67.0,80.0,63.0,46.0,54.0,61
59,100.0,100.0,100.0,100.0,100.0,100.0,100.0,100.0,100.0,100.0,100.0,81.0,100
60,83.0,72.0,81.0,86.0,74.0,89.0,82.0,75.0,81.0,75.0,68.0,87.0,71
61,100.0,100.0,100.0,87.0,73.0,94.0,41.0,59.0,91.0,94.0,100.0,89.0,100
62,100.0,96.0,100.0,89.0,96.0,100.0,100.0,100.0,91.0,100.0,84.0,71.0,100
63,100.0,100.0,100.0,100.0,100.0,100.0,100.0,100.0,100.0,100.0,85.0,63.0,100
64,100.0,100.0,100.0,78.0,80.0,89.0,73.0,73.0,77.0,100.0,85.0,92.0,97
65,99.0,99.0,99.0,98.0,98.0,99.0,99.0,99.0,85.0,98.0,99.0,83.0,97
66,100.0,100.0,100.0,90.0,83.0,100.0,96.0,77.0,65.0,87.0,54.0,89.0,100
67,100.0,100.0,100.0,73.0,68.0,76.0,57.0,58.0,24.0,81.0,100.0,29.0,72
68,77.0,80.0,81.0,87.0,99.0,100.0,50.0,82.0,84.0,100.0,50.0,61.0,82
69,100.0,95.0,100.0,94.0,68.0,100.0,100.0,88.0,96.0,91.0,93.0,97.0,97
70,100.0,100.0,100.0,89.0,89.0,97.0,78.0,93.0,90.0,97.0,97.0,77.0,98
71,93.0,100.0,100.0,92.0,89.0,100.0,92.0,94.0,91.0,100.0,93.0,89.0,83
72,54.0,55.0,53.0,56.0,56.0,59.0,59.0,56.0,60.0,56.0,60.0,56.0,53
73,65.0,65.0,66.0,51.0,53.0,53.0,53.0,64.0,55.0,66.0,53.0,51.0,73
75,100.0,100.0,100.0,100.0,100.0,100.0,84.0,100.0,83.0,100.0,100.0,77.0,75
76,93.0,100.0,96.0,94.0,100.0,100.0,72.0,69.0,97.0,95.0,92.0,63.0,80
77,95.0,100.0,100.0,76.0,78.0,100.0,100.0,100.0,95.0,100.0,77.0,77.0,87
78,100.0,100.0,100.0,80.0,99.0,100.0,100.0,100.0,100.0,100.0,100.0,100.0,100
79,71.0,85.0,90.0,73.0,76.0,95.0,99.0,91.0,75.0,83.0,80.0,33.0,88
80,100.0,100.0,99.0,100.0,100.0,100.0,82.0,87.0,100.0,100.0,100.0,100.0,57
81,99.0,82.0,75.0,60.0,69.0,80.0,62.0,77.0,67.0,84.0,64.0,77.0,49
83,98.0,96.0,97.0,85.0,77.0,98.0,100.0,89.0,92.0,92.0,94.0,80.0,86
84,90.0,90.0,91.0,96.0,95.0,100.0,100.0,100.0,96.0,94.0,92.0,97.0,97
86,99.0,100.0,100.0,100.0,100.0,100.0,100.0,100.0,100.0,100.0,100.0,87.0,33
87,96.0,96.0,98.0,97.0,98.0,96.0,97.0,97.0,96.0,97.0,97.0,97.0,41
88,85.0,93.0,98.0,79.0,79.0,98.0,89.0,88.0,83.0,78.0,77.0,50.0,66
89,75.0,81.0,78.0,64.0,61.0,96.0,91.0,82.0,79.0,96.0,88.0,60.0,61
90,100.0,99.0,100.0,95.0,92.0,100.0,98.0,98.0,95.0,98.0,95.0,95.0,98
91,97.0,96.0,93.0,85.0,88.0,100.0,100.0,95.0,90.0,90.0,88.0,50.0,87
94,99.0,100.0,100.0,100.0,100.0,100.0,100.0,98.0,100.0,100.0,100.0,100.0,100
95,91.0,93.0,67.0,66.0,50.0,50.0,83.0,50.0,50.0,50.0,50.0,63.0,61
96,98.0,97.0,97.0,95.0,95.0,99.0,99.0,98.0,89.0,92.0,89.0,76.0,84
97,63.0,63.0,67.0,59.0,56.0,60.0,71.0,61.0,60.0,61.0,67.0,65.0,69
98,100.0,100.0,100.0,100.0,100.0,100.0,33.0,94.0,86.0,100.0,100.0,2.0,74
99,62.0,55.0,62.0,55.0,60.0,66.0,61.0,59.0,58.0,56.0,61.0,56.0,88
100,78.0,64.0,77.0,70.0,66.0,65.0,71.0,64.0,76.0,59.0,61.0,63.0,58
101,93.0,92.0,92.0,84.0,88.0,88.0,94.0,93.0,91.0,92.0,90.0,87.0,90
102,88.0,71.0,72.0,47.0,48.0,65.0,66.0,57.0,32.0,39.0,56.0,66.0,26
103,91.0,85.0,84.0,77.0,77.0,100.0,97.0,75.0,73.0,100.0,69.0,64.0,75
104,96.0,88.0,94.0,30.0,63.0,77.0,79.0,73.0,78.0,79.0,83.0,52.0,85
105,72.0,100.0,93.0,77.0,55.0,97.0,93.0,95.0,74.0,92.0,42.0,91.0,89
106,100.0,100.0,100.0,100.0,100.0,100.0,100.0,100.0,100.0,100.0,100.0,50.0,100
107,100.0,98.0,100.0,99.0,99.0,100.0,100.0,100.0,100.0,99.0,100.0,99.0,100
108,100.0,100.0,100.0,78.0,100.0,94.0,77.0,92.0,5.0,100.0,68.0,29.0,90
110,100.0,100.0,100.0,100.0,91.0,100.0,96.0,92.0,99.0,100.0,96.0,100.0,100
111,96.0,96.0,95.0,87.0,89.0,88.0,97.0,89.0,92.0,89.0,94.0,93.0,94
112,100.0,100.0,100.0,100.0,100.0,100.0,100.0,100.0,47.0,100.0,100.0,100.0,79
113,100.0,100.0,100.0,100.0,100.0,100.0,100.0,100.0,100.0,100.0,100.0,100.0,100
114,77.0,77.0,80.0,56.0,62.0,86.0,84.0,88.0,62.0,46.0,73.0,43.0,51
115,100.0,100.0,100.0,100.0,100.0,100.0,100.0,100.0,87.0,100.0,100.0,100.0,100
116,77.0,88.0,93.0,57.0,62.0,88.0,53.0,64.0,82.0,42.0,75.0,37.0,36
118,69.0,65.0,67.0,71.0,73.0,73.0,67.0,70.0,71.0,61.0,51.0,59.0,73
119,99.0,95.0,100.0,100.0,100.0,100.0,93.0,97.0,98.0,100.0,96.0,86.0,97
120,89.0,76.0,91.0,65.0,70.0,100.0,97.0,98.0,68.0,30.0,87.0,67.0,85
121,85.0,100.0,92.0,88.0,87.0,100.0,85.0,100.0,84.0,82.0,95.0,66.0,51
122,91.0,100.0,100.0,94.0,100.0,100.0,100.0,100.0,97.0,100.0,90.0,87.0,96
123,89.0,83.0,84.0,41.0,66.0,77.0,73.0,77.0,73.0,76.0,64.0,53.0,57
124,100.0,100.0,100.0,73.0,47.0,100.0,100.0,100.0,82.0,100.0,93.0,45.0,94
126,89.0,93.0,83.0,77.0,74.0,87.0,86.0,83.0,77.0,79.0,70.0,82.0,82
127,100.0,100.0,94.0,61.0,60.0,59.0,81.0,51.0,90.0,78.0,100.0,51.0,93
128,100.0,100.0,100.0,55.0,65.0,91.0,63.0,67.0,61.0,90.0,87.0,70.0,72
129,100.0,100.0,100.0,100.0,100.0,100.0,100.0,100.0,100.0,100.0,100.0,100.0,100
130,82.0,77.0,100.0,91.0,100.0,84.0,100.0,92.0,100.0,100.0,89.0,100.0,90
131,94.0,100.0,100.0,91.0,100.0,100.0,100.0,100.0,96.0,100.0,95.0,100.0,90
132,94.0,97.0,95.0,80.0,95.0,100.0,100.0,88.0,100.0,100.0,82.0,94.0,87
133,100.0,100.0,100.0,91.0,93.0,100.0,99.0,100.0,88.0,100.0,84.0,96.0,96
134,41.0,72.0,17.0,79.0,87.0,73.0,65.0,72.0,62.0,65.0,95.0,84.0,27
135,94.0,91.0,94.0,62.0,76.0,95.0,51.0,92.0,54.0,78.0,87.0,80.0,51
136,65.0,66.0,59.0,63.0,65.0,52.0,67.0,54.0,76.0,51.0,56.0,66.0,45
137,82.0,100.0,78.0,65.0,50.0,66.0,68.0,50.0,59.0,76.0,64.0,61.0,64
139,84.0,82.0,87.0,87.0,91.0,96.0,91.0,92.0,83.0,76.0,88.0,69.0,84
140,100.0,100.0,100.0,97.0,100.0,100.0,100.0,100.0,72.0,100.0,94.0,77.0,89
141,82.0,66.0,60.0,79.0,79.0,88.0,84.0,90.0,50.0,75.0,83.0,80.0,77
142,62.0,64.0,74.0,61.0,75.0,73.0,82.0,67.0,59.0,65.0,66.0,54.0,69
144,84.0,36.0,89.0,100.0,100.0,100.0,99.0,100.0,97.0,97.0,100.0,100.0,81
145,100.0,100.0,100.0,95.0,100.0,96.0,94.0,93.0,100.0,95.0,98.0,96.0,100
146,95.0,100.0,100.0,95.0,94.0,100.0,100.0,100.0,100.0,100.0,100.0,74.0,87
147,100.0,100.0,100.0,83.0,88.0,100.0,100.0,100.0,100.0,100.0,94.0,87.0,95
149,59.0,89.0,88.0,44.0,86.0,90.0,73.0,79.0,68.0,70.0,61.0,68.0,46
150,100.0,100.0,100.0,5.0,4.0,100.0,100.0,100.0,100.0,100.0,100.0,1.0,100
152,80.0,78.0,64.0,69.0,70.0,84.0,73.0,84.0,55.0,71.0,54.0,59.0,85
153,98.0,96.0,99.0,63.0,55.0,87.0,97.0,97.0,50.0,95.0,44.0,77.0,98
154,100.0,100.0,100.0,51.0,50.0,100.0,81.0,79.0,33.0,89.0,82.0,3.0,87
155,91.0,100.0,100.0,68.0,60.0,100.0,57.0,49.0,70.0,68.0,65.0,44.0,100
156,93.0,100.0,89.0,83.0,74.0,99.0,98.0,89.0,83.0,79.0,66.0,79.0,80
157,72.0,80.0,50.0,50.0,50.0,100.0,100.0,73.0,50.0,83.0,50.0,50.0,68
158,100.0,100.0,100.0,100.0,100.0,100.0,100.0,100.0,50.0,100.0,100.0,66.0,100
159,94.0,95.0,96.0,70.0,76.0,86.0,89.0,95.0,97.0,89.0,96.0,89.0,55
160,90.0,100.0,100.0,84.0,88.0,92.0,86.0,86.0,100.0,100.0,100.0,68.0,81
161,96.0,98.0,92.0,100.0,95.0,94.0,98.0,99.0,74.0,94.0,91.0,73.0,87
162,88.0,79.0,88.0,88.0,84.0,97.0,95.0,86.0,89.0,49.0,73.0,84.0,80
163,93.0,94.0,92.0,51.0,59.0,53.0,72.0,59.0,58.0,62.0,88.0,63.0,91
164,84.0,54.0,33.0,96.0,100.0,100.0,100.0,100.0,70.0,97.0,100.0,82.0,94
165,100.0,100.0,100.0,82.0,45.0,31.0,99.0,86.0,68.0,90.0,79.0,100.0,100
166,95.0,100.0,97.0,84.0,80.0,86.0,100.0,74.0,70.0,29.0,94.0,100.0,100
167,91.0,92.0,91.0,85.0,73.0,94.0,95.0,81.0,87.0,77.0,89.0,50.0,76
168,100.0,100.0,100.0,88.0,100.0,100.0,92.0,100.0,76.0,48.0,100.0,33.0,100
169,98.0,98.0,97.0,82.0,77.0,92.0,91.0,95.0,66.0,75.0,50.0,98.0,56
170,100.0,100.0,100.0,64.0,96.0,100.0,100.0,100.0,100.0,100.0,88.0,100.0,100
171,100.0,100.0,100.0,100.0,100.0,100.0,100.0,100.0,100.0,100.0,100.0,29.0,100
172,76.0,91.0,75.0,75.0,68.0,100.0,100.0,100.0,100.0,100.0,53.0,87.0,94
173,91.0,89.0,84.0,70.0,64.0,94.0,64.0,87.0,84.0,67.0,81.0,71.0,64
174,79.0,81.0,92.0,70.0,62.0,89.0,97.0,82.0,50.0,63.0,80.0,65.0,71
175,40.0,97.0,75.0,53.0,52.0,98.0,44.0,45.0,55.0,75.0,50.0,46.0,37
176,100.0,100.0,91.0,66.0,72.0,100.0,100.0,97.0,89.0,87.0,94.0,68.0,100
177,90.0,89.0,82.0,94.0,90.0,92.0,87.0,65.0,87.0,84.0,86.0,63.0,98
178,100.0,100.0,100.0,100.0,100.0,100.0,100.0,100.0,100.0,100.0,82.0,100.0,86
179,99.0,100.0,100.0,77.0,83.0,100.0,100.0,100.0,80.0,100.0,79.0,63.0,100
180,84.0,98.0,93.0,51.0,30.0,100.0,100.0,99.0,26.0,54.0,53.0,75.0,33
181,95.0,97.0,95.0,96.0,98.0,97.0,98.0,96.0,96.0,98.0,65.0,90.0,76
182,100.0,100.0,100.0,54.0,100.0,100.0,100.0,80.0,66.0,87.0,100.0,50.0,56
183,92.0,89.0,89.0,80.0,81.0,89.0,72.0,73.0,100.0,100.0,76.0,76.0,96
185,53.0,65.0,50.0,44.0,83.0,100.0,100.0,81.0,61.0,50.0,50.0,100.0,83
186,100.0,100.0,100.0,100.0,100.0,100.0,100.0,100.0,100.0,100.0,100.0,100.0,100
189,100.0,100.0,100.0,59.0,55.0,80.0,100.0,100.0,87.0,100.0,63.0,55.0,66
190,94.0,94.0,97.0,92.0,83.0,74.0,91.0,77.0,95.0,95.0,96.0,89.0,81
192,96.0,98.0,98.0,96.0,98.0,98.0,98.0,97.0,98.0,98.0,97.0,98.0,98
193,60.0,96.0,78.0,57.0,61.0,78.0,52.0,83.0,69.0,56.0,74.0,46.0,51
194,100.0,71.0,100.0,100.0,100.0,100.0,100.0,100.0,100.0,100.0,100.0,50.0,100
195,100.0,100.0,100.0,100.0,100.0,100.0,100.0,100.0,100.0,100.0,100.0,100.0,73
196,100.0,100.0,100.0,100.0,100.0,100.0,100.0,100.0,100.0,100.0,100.0,100.0,83
197,72.0,92.0,92.0,82.0,85.0,92.0,80.0,86.0,100.0,97.0,80.0,70.0,72
198,100.0,100.0,100.0,100.0,100.0,100.0,100.0,100.0,87.0,24.0,100.0,100.0,84
199,99.0,100.0,100.0,100.0,100.0,100.0,100.0,100.0,89.0,93.0,95.0,60.0,100
200,74.0,83.0,74.0,75.0,81.0,98.0,80.0,78.0,82.0,62.0,62.0,59.0,87
202,95.0,86.0,82.0,59.0,62.0,79.0,94.0,86.0,67.0,71.0,64.0,62.0,79
203,97.0,93.0,97.0,89.0,91.0,93.0,90.0,93.0,88.0,90.0,87.0,87.0,95
204,100.0,100.0,100.0,100.0,100.0,100.0,100.0,100.0,69.0,96.0,91.0,100.0,100
205,100.0,100.0,100.0,100.0,100.0,100.0,100.0,100.0,100.0,100.0,100.0,100.0,100
206,60.0,76.0,79.0,63.0,71.0,56.0,30.0,66.0,44.0,66.0,69.0,76.0,68
207,83.0,71.0,60.0,56.0,59.0,75.0,77.0,87.0,70.0,51.0,53.0,76.0,61
208,94.0,95.0,93.0,50.0,86.0,98.0,97.0,93.0,57.0,71.0,71.0,39.0,39
209,74.0,72.0,78.0,50.0,100.0,99.0,100.0,100.0,69.0,68.0,65.0,52.0,95
210,93.0,100.0,100.0,94.0,100.0,80.0,98.0,100.0,100.0,95.0,80.0,100.0,100
211,73.0,76.0,86.0,50.0,67.0,93.0,83.0,90.0,65.0,59.0,56.0,74.0,50
212,90.0,86.0,82.0,81.0,69.0,76.0,46.0,64.0,75.0,82.0,96.0,91.0,70
213,100.0,100.0,100.0,88.0,77.0,100.0,65.0,87.0,69.0,84.0,100.0,50.0,100
214,100.0,94.0,100.0,79.0,100.0,100.0,85.0,100.0,50.0,92.0,71.0,72.0,100
215,76.0,100.0,61.0,61.0,66.0,99.0,100.0,100.0,88.0,100.0,84.0,21.0,67
216,83.0,75.0,78.0,91.0,100.0,92.0,100.0,100.0,83.0,56.0,100.0,100.0,50
217,88.0,89.0,97.0,85.0,85.0,89.0,90.0,94.0,99.0,96.0,73.0,71.0,78
218,100.0,100.0,100.0,100.0,90.0,89.0,89.0,93.0,92.0,89.0,90.0,71.0,88
219,63.0,62.0,63.0,67.0,63.0,58.0,50.0,71.0,32.0,85.0,65.0,67.0,58
220,39.0,64.0,39.0,100.0,100.0,64.0,100.0,100.0,83.0,100.0,100.0,50.0,60
221,77.0,77.0,72.0,54.0,81.0,84.0,75.0,73.0,74.0,72.0,73.0,74.0,73
222,91.0,25.0,92.0,29.0,59.0,96.0,83.0,86.0,62.0,40.0,33.0,64.0,37
224,71.0,60.0,59.0,69.0,67.0,92.0,78.0,84.0,67.0,67.0,64.0,62.0,55
226,100.0,100.0,100.0,89.0,100.0,97.0,91.0,100.0,87.0,94.0,100.0,100.0,100
227,50.0,100.0,100.0,86.0,73.0,100.0,64.0,79.0,73.0,100.0,66.0,57.0,100
229,90.0,95.0,96.0,66.0,56.0,100.0,98.0,94.0,50.0,77.0,52.0,61.0,40
230,35.0,75.0,81.0,74.0,71.0,100.0,43.0,85.0,55.0,87.0,91.0,59.0,86
231,84.0,87.0,88.0,89.0,89.0,81.0,77.0,83.0,86.0,91.0,84.0,63.0,84
232,93.0,100.0,96.0,68.0,79.0,100.0,100.0,100.0,61.0,72.0,100.0,45.0,56
233,100.0,100.0,100.0,100.0,100.0,100.0,100.0,100.0,100.0,100.0,94.0,97.0,100
234,61.0,100.0,100.0,50.0,66.0,100.0,76.0,66.0,80.0,50.0,50.0,90.0,51
235,61.0,63.0,54.0,70.0,72.0,93.0,80.0,86.0,62.0,61.0,81.0,62.0,87
236,92.0,100.0,98.0,86.0,99.0,100.0,100.0,100.0,100.0,84.0,100.0,90.0,100
237,53.0,66.0,79.0,69.0,74.0,81.0,86.0,88.0,74.0,83.0,53.0,53.0,60
239,97.0,98.0,97.0,92.0,93.0,95.0,97.0,94.0,96.0,96.0,96.0,65.0,86
240,87.0,100.0,100.0,73.0,71.0,96.0,58.0,79.0,86.0,75.0,96.0,55.0,29
241,84.0,100.0,100.0,100.0,100.0,99.0,89.0,81.0,96.0,100.0,100.0,51.0,22
243,99.0,83.0,83.0,100.0,100.0,100.0,99.0,99.0,30.0,89.0,89.0,100.0,78
245,67.0,50.0,69.0,94.0,91.0,89.0,89.0,68.0,67.0,74.0,81.0,50.0,77
246,100.0,100.0,100.0,53.0,54.0,100.0,100.0,100.0,100.0,100.0,100.0,68.0,100
248,100.0,100.0,100.0,100.0,100.0,100.0,100.0,100.0,100.0,100.0,100.0,100.0,100
249,95.0,97.0,98.0,95.0,97.0,98.0,97.0,96.0,96.0,15.0,97.0,98.0,87
251,95.0,99.0,98.0,96.0,83.0,100.0,94.0,99.0,88.0,98.0,87.0,86.0,84
253,69.0,66.0,79.0,68.0,68.0,93.0,89.0,76.0,61.0,68.0,64.0,82.0,71
254,100.0,100.0,100.0,99.0,100.0,100.0,100.0,100.0,100.0,100.0,93.0,100.0,100
255,88.0,69.0,89.0,91.0,95.0,86.0,63.0,58.0,82.0,72.0,92.0,62.0,56
256,88.0,79.0,86.0,75.0,83.0,86.0,88.0,85.0,77.0,85.0,83.0,77.0,85
257,89.0,87.0,87.0,52.0,70.0,61.0,50.0,79.0,69.0,84.0,84.0,51.0,50
258,100.0,96.0,100.0,100.0,100.0,100.0,100.0,100.0,85.0,100.0,100.0,83.0,89
259,100.0,100.0,100.0,100.0,100.0,100.0,100.0,99.0,100.0,100.0,100.0,52.0,95
260,73.0,85.0,87.0,63.0,61.0,69.0,99.0,92.0,77.0,77.0,50.0,50.0,96
262,100.0,100.0,100.0,100.0,100.0,99.0,100.0,100.0,100.0,100.0,100.0,100.0,97
263,100.0,99.0,99.0,89.0,100.0,100.0,98.0,99.0,93.0,89.0,96.0,96.0,92
264,100.0,100.0,100.0,100.0,100.0,100.0,100.0,92.0,58.0,72.0,100.0,100.0,57
265,100.0,100.0,100.0,100.0,100.0,100.0,99.0,99.0,99.0,100.0,100.0,100.0,95
266,84.0,72.0,80.0,67.0,71.0,95.0,41.0,74.0,80.0,22.0,82.0,67.0,92
267,51.0,78.0,89.0,95.0,92.0,98.0,90.0,81.0,79.0,97.0,89.0,60.0,71
268,96.0,100.0,100.0,84.0,92.0,100.0,100.0,98.0,42.0,95.0,87.0,69.0,93
269,90.0,96.0,100.0,100.0,100.0,100.0,100.0,100.0,6.0,100.0,70.0,100.0,90
270,77.0,96.0,83.0,74.0,83.0,94.0,86.0,87.0,64.0,86.0,64.0,62.0,61
271,100.0,100.0,100.0,100.0,100.0,100.0,100.0,100.0,100.0,100.0,100.0,96.0,99
272,100.0,100.0,100.0,98.0,100.0,100.0,100.0,100.0,50.0,100.0,97.0,50.0,100
273,100.0,94.0,100.0,86.0,84.0,100.0,100.0,100.0,88.0,91.0,100.0,90.0,61
274,100.0,100.0,100.0,100.0,100.0,100.0,100.0,100.0,50.0,100.0,100.0,50.0,100
275,82.0,93.0,91.0,88.0,72.0,91.0,92.0,82.0,72.0,68.0,94.0,65.0,92
276,91.0,94.0,92.0,52.0,49.0,100.0,99.0,50.0,51.0,61.0,65.0,48.0,76
277,96.0,98.0,98.0,80.0,77.0,99.0,98.0,93.0,82.0,98.0,97.0,66.0,78
278,100.0,100.0,100.0,93.0,79.0,100.0,100.0,100.0,100.0,100.0,100.0,82.0,100
279,100.0,100.0,89.0,100.0,99.0,86.0,89.0,86.0,96.0,96.0,91.0,63.0,92
280,93.0,91.0,94.0,80.0,90.0,96.0,86.0,100.0,91.0,84.0,88.0,76.0,71
281,86.0,89.0,100.0,93.0,87.0,100.0,100.0,100.0,81.0,100.0,100.0,100.0,55
283,86.0,82.0,82.0,73.0,68.0,79.0,81.0,83.0,70.0,72.0,80.0,84.0,79
284,93.0,97.0,100.0,82.0,82.0,100.0,91.0,87.0,77.0,97.0,96.0,62.0,66
285,7.0,6.0,7.0,3.0,4.0,4.0,4.0,4.0,14.0,9.0,4.0,5.0,6
286,93.0,78.0,88.0,82.0,78.0,79.0,50.0,76.0,78.0,76.0,79.0,50.0,58
287,94.0,100.0,97.0,85.0,85.0,100.0,100.0,100.0,100.0,90.0,73.0,83.0,95
288,2.0,1.0,4.0,1.0,2.0,39.0,2.0,11.0,2.0,2.0,3.0,2.0,1
289,100.0,100.0,100.0,95.0,100.0,100.0,94.0,100.0,100.0,100.0,100.0,85.0,94
290,91.0,90.0,94.0,64.0,63.0,93.0,88.0,87.0,50.0,70.0,80.0,72.0,58
291,88.0,83.0,77.0,100.0,82.0,100.0,100.0,100.0,68.0,70.0,100.0,86.0,72
292,92.0,95.0,92.0,62.0,63.0,88.0,81.0,70.0,66.0,43.0,63.0,14.0,76
293,100.0,100.0,100.0,100.0,100.0,100.0,100.0,100.0,100.0,100.0,100.0,100.0,100
294,92.0,92.0,95.0,75.0,86.0,98.0,100.0,98.0,93.0,93.0,83.0,82.0,76
295,100.0,100.0,100.0,100.0,100.0,100.0,100.0,100.0,94.0,82.0,100.0,100.0,100
296,100.0,90.0,88.0,80.0,63.0,90.0,86.0,89.0,77.0,100.0,56.0,30.0,88
297,100.0,100.0,100.0,100.0,100.0,100.0,100.0,100.0,37.0,100.0,100.0,100.0,100
298,100.0,100.0,100.0,91.0,88.0,100.0,100.0,91.0,100.0,100.0,79.0,78.0,85
299,32.0,43.0,42.0,20.0,26.0,47.0,45.0,38.0,43.0,14.0,24.0,34.0,20
300,64.0,76.0,90.0,74.0,59.0,74.0,95.0,77.0,49.0,65.0,57.0,50.0,88
301,86.0,90.0,83.0,73.0,82.0,90.0,95.0,87.0,77.0,75.0,77.0,81.0,81
302,100.0,100.0,100.0,100.0,100.0,100.0,100.0,100.0,100.0,100.0,100.0,100.0,100
303,99.0,97.0,99.0,47.0,99.0,100.0,46.0,97.0,50.0,88.0,82.0,26.0,100
304,85.0,85.0,85.0,63.0,50.0,91.0,33.0,63.0,64.0,63.0,85.0,35.0,62
305,100.0,100.0,100.0,70.0,62.0,100.0,100.0,100.0,73.0,100.0,100.0,81.0,100
306,89.0,74.0,87.0,72.0,67.0,95.0,89.0,99.0,85.0,92.0,89.0,70.0,72
307,92.0,78.0,94.0,64.0,60.0,84.0,91.0,60.0,70.0,71.0,73.0,85.0,70
308,95.0,96.0,97.0,62.0,77.0,95.0,96.0,94.0,92.0,95.0,84.0,59.0,76
309,80.0,58.0,64.0,59.0,65.0,71.0,55.0,70.0,62.0,60.0,54.0,58.0,66
310,67.0,72.0,64.0,64.0,59.0,68.0,56.0,63.0,51.0,83.0,62.0,71.0,79
311,85.0,94.0,89.0,67.0,72.0,90.0,84.0,78.0,77.0,71.0,51.0,82.0,60
312,100.0,100.0,100.0,100.0,100.0,100.0,100.0,97.0,89.0,100.0,74.0,100.0,100
313,65.0,76.0,77.0,60.0,79.0,68.0,80.0,79.0,56.0,74.0,61.0,62.0,61
314,95.0,80.0,92.0,76.0,86.0,81.0,73.0,82.0,86.0,70.0,59.0,75.0,62
315,97.0,77.0,99.0,61.0,67.0,100.0,92.0,88.0,83.0,71.0,78.0,55.0,99
316,99.0,99.0,86.0,85.0,81.0,99.0,94.0,100.0,98.0,99.0,98.0,85.0,90
318,69.0,62.0,73.0,50.0,50.0,50.0,50.0,64.0,72.0,71.0,50.0,32.0,50
321,98.0,98.0,98.0,91.0,97.0,96.0,92.0,82.0,69.0,98.0,71.0,69.0,25
322,50.0,71.0,34.0,67.0,73.0,74.0,62.0,50.0,50.0,50.0,50.0,50.0,50
323,57.0,59.0,58.0,57.0,58.0,57.0,60.0,53.0,56.0,55.0,56.0,55.0,58
324,100.0,100.0,100.0,100.0,98.0,100.0,100.0,100.0,100.0,100.0,75.0,99.0,100
325,97.0,98.0,98.0,97.0,83.0,70.0,41.0,58.0,42.0,83.0,64.0,26.0,100
326,91.0,88.0,94.0,59.0,63.0,86.0,90.0,86.0,74.0,70.0,76.0,70.0,64
327,100.0,100.0,100.0,69.0,70.0,100.0,100.0,100.0,67.0,66.0,73.0,58.0,100
328,100.0,100.0,100.0,87.0,68.0,100.0,100.0,100.0,100.0,55.0,100.0,100.0,99
329,100.0,100.0,100.0,100.0,100.0,100.0,100.0,100.0,100.0,100.0,100.0,100.0,92
330,59.0,84.0,81.0,58.0,16.0,100.0,99.0,56.0,81.0,79.0,100.0,54.0,78
331,91.0,100.0,98.0,86.0,67.0,74.0,79.0,74.0,84.0,80.0,97.0,75.0,86
332,85.0,86.0,50.0,69.0,86.0,73.0,50.0,72.0,50.0,50.0,78.0,50.0,72
333,100.0,99.0,100.0,54.0,76.0,50.0,55.0,76.0,77.0,77.0,53.0,55.0,49
335,100.0,100.0,100.0,100.0,100.0,100.0,100.0,100.0,100.0,100.0,100.0,100.0,83
336,85.0,65.0,95.0,58.0,56.0,48.0,40.0,52.0,45.0,32.0,53.0,14.0,58
337,100.0,100.0,100.0,97.0,98.0,97.0,96.0,94.0,66.0,79.0,92.0,100.0,96
338,100.0,100.0,100.0,88.0,100.0,99.0,91.0,99.0,100.0,94.0,90.0,100.0,100
339,57.0,75.0,51.0,41.0,36.0,40.0,41.0,49.0,35.0,23.0,51.0,50.0,38
340,100.0,87.0,96.0,100.0,100.0,100.0,100.0,100.0,98.0,100.0,100.0,100.0,93
341,73.0,82.0,100.0,83.0,77.0,100.0,91.0,100.0,100.0,100.0,56.0,78.0,100
342,99.0,98.0,99.0,71.0,68.0,100.0,98.0,90.0,100.0,96.0,95.0,65.0,90
343,100.0,88.0,78.0,83.0,64.0,94.0,94.0,81.0,78.0,86.0,50.0,56.0,100
346,100.0,100.0,100.0,100.0,100.0,100.0,100.0,100.0,38.0,100.0,100.0,100.0,100
348,100.0,99.0,98.0,89.0,97.0,90.0,100.0,84.0,98.0,89.0,93.0,69.0,97
349,84.0,100.0,100.0,77.0,69.0,97.0,100.0,81.0,57.0,70.0,50.0,93.0,91
350,100.0,100.0,100.0,76.0,57.0,80.0,54.0,86.0,37.0,65.0,72.0,52.0,62
351,30.0,54.0,57.0,84.0,75.0,83.0,74.0,71.0,74.0,54.0,63.0,57.0,33
352,54.0,56.0,50.0,63.0,58.0,74.0,74.0,72.0,65.0,78.0,50.0,79.0,68
353,50.0,59.0,51.0,83.0,51.0,100.0,100.0,88.0,40.0,53.0,42.0,47.0,56
354,93.0,96.0,96.0,91.0,85.0,87.0,80.0,51.0,69.0,82.0,100.0,66.0,94
355,100.0,100.0,100.0,84.0,81.0,100.0,95.0,93.0,92.0,100.0,100.0,81.0,100
357,48.0,51.0,50.0,58.0,58.0,68.0,53.0,56.0,58.0,57.0,62.0,60.0,64
358,85.0,92.0,85.0,73.0,84.0,94.0,66.0,66.0,39.0,87.0,75.0,55.0,63
360,64.0,55.0,66.0,61.0,60.0,50.0,67.0,62.0,60.0,50.0,69.0,38.0,60
361,100.0,100.0,100.0,100.0,100.0,100.0,100.0,100.0,75.0,100.0,100.0,36.0,100
362,100.0,100.0,100.0,100.0,100.0,100.0,100.0,100.0,100.0,100.0,100.0,100.0,100
363,100.0,100.0,100.0,50.0,90.0,100.0,100.0,100.0,90.0,100.0,100.0,32.0,100
365,50.0,52.0,50.0,50.0,50.0,67.0,51.0,51.0,51.0,62.0,68.0,50.0,34
366,100.0,99.0,100.0,73.0,74.0,100.0,100.0,97.0,90.0,62.0,87.0,95.0,100
367,100.0,98.0,100.0,65.0,79.0,88.0,82.0,86.0,70.0,81.0,92.0,29.0,78
369,53.0,100.0,95.0,84.0,81.0,90.0,100.0,92.0,69.0,73.0,100.0,43.0,88
370,88.0,33.0,85.0,21.0,29.0,70.0,79.0,78.0,65.0,73.0,50.0,19.0,82
371,97.0,95.0,88.0,96.0,76.0,85.0,100.0,93.0,54.0,80.0,96.0,53.0,88
372,97.0,98.0,94.0,97.0,97.0,84.0,83.0,88.0,86.0,96.0,98.0,95.0,98
373,50.0,50.0,83.0,77.0,74.0,50.0,100.0,100.0,57.0,100.0,77.0,100.0,100
374,100.0,100.0,100.0,100.0,100.0,100.0,100.0,98.0,51.0,100.0,100.0,22.0,100
375,100.0,99.0,100.0,100.0,100.0,100.0,100.0,100.0,100.0,100.0,73.0,100.0,100
376,78.0,84.0,88.0,74.0,76.0,80.0,78.0,80.0,77.0,68.0,70.0,84.0,53
377,73.0,42.0,64.0,38.0,42.0,50.0,35.0,37.0,34.0,41.0,65.0,40.0,31
378,93.0,91.0,91.0,94.0,95.0,100.0,99.0,100.0,89.0,91.0,97.0,88.0,84
379,83.0,86.0,93.0,100.0,100.0,100.0,100.0,100.0,87.0,100.0,90.0,43.0,100
380,83.0,27.0,100.0,71.0,67.0,90.0,46.0,47.0,47.0,23.0,65.0,47.0,47
381,100.0,100.0,100.0,75.0,52.0,99.0,100.0,100.0,77.0,76.0,68.0,100.0,89
382,99.0,50.0,66.0,50.0,77.0,77.0,50.0,50.0,50.0,64.0,74.0,72.0,98
383,100.0,100.0,100.0,100.0,100.0,100.0,100.0,100.0,100.0,100.0,100.0,100.0,51
384,83.0,94.0,92.0,79.0,79.0,87.0,88.0,89.0,71.0,73.0,80.0,85.0,83
385,100.0,100.0,100.0,95.0,100.0,100.0,93.0,100.0,93.0,100.0,96.0,83.0,97
386,100.0,100.0,100.0,100.0,100.0,100.0,97.0,100.0,100.0,100.0,100.0,100.0,95
387,91.0,93.0,96.0,86.0,89.0,93.0,89.0,92.0,90.0,91.0,94.0,86.0,89
389,82.0,84.0,85.0,67.0,68.0,83.0,97.0,93.0,43.0,69.0,76.0,75.0,75
391,100.0,100.0,100.0,87.0,70.0,100.0,100.0,100.0,97.0,78.0,100.0,100.0,64
392,100.0,74.0,61.0,70.0,69.0,88.0,100.0,91.0,76.0,72.0,78.0,56.0,82
394,100.0,100.0,100.0,88.0,94.0,100.0,100.0,100.0,83.0,96.0,100.0,68.0,100
395,34.0,46.0,33.0,77.0,82.0,91.0,86.0,91.0,91.0,63.0,82.0,71.0,84
397,94.0,92.0,95.0,91.0,97.0,100.0,83.0,100.0,88.0,91.0,87.0,67.0,74
398,87.0,84.0,78.0,59.0,67.0,88.0,82.0,78.0,64.0,63.0,77.0,68.0,81
399,94.0,95.0,98.0,92.0,83.0,95.0,100.0,95.0,80.0,95.0,91.0,91.0,93
400,100.0,100.0,100.0,100.0,99.0,100.0,100.0,100.0,100.0,98.0,100.0,96.0,100
401,89.0,90.0,86.0,81.0,73.0,85.0,89.0,90.0,80.0,85.0,85.0,82.0,86
402,81.0,85.0,85.0,68.0,62.0,66.0,85.0,55.0,42.0,79.0,63.0,51.0,80
403,79.0,84.0,89.0,50.0,75.0,92.0,89.0,94.0,72.0,87.0,89.0,50.0,50
404,100.0,100.0,100.0,79.0,87.0,100.0,100.0,90.0,85.0,84.0,79.0,79.0,92
405,67.0,64.0,66.0,76.0,62.0,99.0,97.0,87.0,83.0,66.0,68.0,94.0,95
406,100.0,92.0,100.0,90.0,86.0,100.0,86.0,90.0,99.0,83.0,88.0,80.0,81
407,100.0,100.0,100.0,30.0,50.0,100.0,36.0,50.0,67.0,65.0,93.0,24.0,51
408,79.0,87.0,77.0,55.0,70.0,69.0,56.0,68.0,61.0,52.0,72.0,85.0,63
409,95.0,96.0,100.0,76.0,86.0,69.0,70.0,68.0,72.0,65.0,89.0,78.0,91
410,70.0,80.0,83.0,67.0,65.0,66.0,98.0,70.0,61.0,77.0,71.0,88.0,57
411,100.0,100.0,100.0,100.0,100.0,100.0,100.0,100.0,100.0,100.0,100.0,71.0,62
412,38.0,71.0,23.0,33.0,57.0,100.0,100.0,75.0,28.0,32.0,62.0,34.0,64
413,83.0,74.0,99.0,41.0,44.0,80.0,100.0,17.0,30.0,24.0,10.0,25.0,3
414,70.0,76.0,59.0,38.0,50.0,86.0,45.0,68.0,27.0,83.0,22.0,33.0,73
415,100.0,98.0,96.0,94.0,93.0,94.0,82.0,86.0,95.0,93.0,89.0,86.0,59
416,100.0,100.0,100.0,98.0,97.0,99.0,100.0,99.0,87.0,99.0,95.0,97.0,100
418,100.0,96.0,99.0,88.0,98.0,94.0,96.0,85.0,88.0,89.0,51.0,94.0,73
419,100.0,100.0,100.0,100.0,83.0,100.0,100.0,100.0,100.0,100.0,100.0,100.0,100
420,72.0,75.0,83.0,55.0,62.0,75.0,79.0,78.0,69.0,66.0,46.0,51.0,57
421,85.0,78.0,99.0,62.0,72.0,99.0,57.0,87.0,82.0,100.0,67.0,94.0,100
422,84.0,80.0,51.0,90.0,93.0,88.0,90.0,58.0,55.0,31.0,73.0,55.0,57
423,100.0,100.0,100.0,100.0,97.0,82.0,90.0,87.0,90.0,88.0,94.0,60.0,79
424,100.0,95.0,100.0,83.0,82.0,92.0,97.0,91.0,27.0,95.0,99.0,30.0,100
425,92.0,85.0,95.0,86.0,81.0,81.0,76.0,65.0,67.0,72.0,59.0,74.0,51
426,100.0,95.0,100.0,100.0,77.0,100.0,97.0,97.0,70.0,88.0,93.0,69.0,100
427,100.0,100.0,100.0,100.0,100.0,100.0,100.0,100.0,100.0,100.0,100.0,82.0,100
428,100.0,98.0,100.0,83.0,93.0,100.0,100.0,100.0,1.0,83.0,65.0,30.0,92
429,87.0,50.0,50.0,50.0,79.0,85.0,90.0,90.0,73.0,84.0,89.0,50.0,98
430,92.0,90.0,91.0,89.0,88.0,100.0,95.0,93.0,92.0,90.0,78.0,89.0,88
431,100.0,98.0,100.0,99.0,50.0,99.0,99.0,98.0,98.0,89.0,100.0,62.0,50
433,83.0,85.0,83.0,66.0,79.0,88.0,88.0,83.0,95.0,89.0,92.0,61.0,73
434,100.0,100.0,100.0,100.0,100.0,99.0,100.0,100.0,100.0,100.0,100.0,51.0,93
435,97.0,99.0,93.0,72.0,50.0,94.0,97.0,83.0,75.0,94.0,75.0,80.0,99
437,84.0,89.0,88.0,86.0,87.0,93.0,86.0,91.0,64.0,28.0,84.0,26.0,91
438,76.0,72.0,99.0,72.0,81.0,89.0,86.0,90.0,88.0,93.0,94.0,68.0,80
439,80.0,83.0,63.0,52.0,100.0,100.0,94.0,100.0,99.0,94.0,92.0,94.0,100
440,73.0,81.0,86.0,71.0,71.0,91.0,96.0,70.0,78.0,89.0,73.0,86.0,63
441,69.0,53.0,50.0,64.0,82.0,97.0,93.0,66.0,75.0,85.0,71.0,58.0,78
442,100.0,100.0,100.0,92.0,94.0,98.0,97.0,100.0,95.0,98.0,92.0,89.0,95
443,61.0,60.0,61.0,72.0,65.0,62.0,63.0,60.0,61.0,56.0,63.0,58.0,61
444,85.0,86.0,90.0,80.0,75.0,73.0,50.0,82.0,46.0,83.0,76.0,65.0,54
445,83.0,74.0,91.0,80.0,69.0,86.0,90.0,49.0,93.0,83.0,85.0,73.0,46
446,100.0,100.0,100.0,100.0,100.0,94.0,100.0,100.0,86.0,100.0,100.0,100.0,100
447,79.0,89.0,100.0,77.0,75.0,100.0,95.0,89.0,93.0,81.0,61.0,59.0,77
449,88.0,85.0,100.0,86.0,100.0,100.0,100.0,100.0,84.0,89.0,68.0,100.0,70
450,100.0,100.0,100.0,50.0,100.0,100.0,100.0,100.0,100.0,100.0,100.0,100.0,100
451,92.0,73.0,100.0,65.0,73.0,92.0,80.0,85.0,56.0,67.0,91.0,86.0,100
452,89.0,88.0,86.0,67.0,69.0,92.0,66.0,79.0,70.0,79.0,82.0,70.0,83
453,97.0,95.0,98.0,54.0,53.0,83.0,100.0,96.0,67.0,74.0,56.0,50.0,71
454,43.0,50.0,50.0,50.0,50.0,50.0,50.0,51.0,37.0,54.0,50.0,37.0,51
456,97.0,98.0,97.0,81.0,94.0,95.0,93.0,95.0,81.0,85.0,85.0,78.0,90
457,96.0,91.0,96.0,71.0,77.0,94.0,62.0,92.0,63.0,89.0,96.0,60.0,73
458,85.0,100.0,100.0,100.0,92.0,100.0,100.0,81.0,80.0,100.0,100.0,100.0,100
459,100.0,92.0,100.0,86.0,75.0,81.0,66.0,65.0,57.0,84.0,90.0,52.0,72
460,51.0,88.0,61.0,51.0,58.0,75.0,62.0,61.0,32.0,53.0,56.0,35.0,73
461,88.0,97.0,100.0,50.0,3.0,50.0,100.0,100.0,80.0,94.0,100.0,14.0,83
462,7.0,10.0,11.0,42.0,14.0,93.0,9.0,10.0,54.0,64.0,27.0,19.0,17
463,89.0,100.0,96.0,78.0,36.0,70.0,46.0,46.0,22.0,18.0,86.0,29.0,44
464,86.0,83.0,93.0,85.0,84.0,97.0,75.0,81.0,86.0,75.0,74.0,69.0,66
465,87.0,92.0,88.0,81.0,79.0,94.0,50.0,85.0,83.0,96.0,88.0,50.0,97
466,100.0,100.0,100.0,86.0,88.0,100.0,88.0,100.0,65.0,100.0,83.0,72.0,67
467,100.0,100.0,100.0,100.0,94.0,100.0,100.0,100.0,87.0,92.0,96.0,70.0,100
468,96.0,100.0,100.0,59.0,100.0,97.0,92.0,96.0,92.0,64.0,97.0,75.0,66
469,90.0,93.0,97.0,71.0,60.0,91.0,85.0,80.0,74.0,89.0,93.0,33.0,92
470,99.0,97.0,98.0,89.0,96.0,69.0,79.0,75.0,93.0,93.0,70.0,95.0,94
471,84.0,72.0,90.0,72.0,83.0,96.0,94.0,58.0,83.0,68.0,28.0,86.0,87
472,93.0,92.0,92.0,91.0,92.0,68.0,79.0,82.0,92.0,90.0,88.0,89.0,91
473,100.0,100.0,74.0,100.0,100.0,100.0,100.0,100.0,100.0,100.0,100.0,100.0,100
474,52.0,47.0,42.0,37.0,34.0,36.0,35.0,32.0,44.0,52.0,48.0,33.0,34
475,61.0,63.0,65.0,63.0,55.0,81.0,81.0,71.0,70.0,71.0,68.0,72.0,64
476,100.0,100.0,100.0,100.0,100.0,100.0,100.0,100.0,100.0,100.0,100.0,100.0,100
477,100.0,100.0,100.0,100.0,100.0,100.0,100.0,100.0,100.0,100.0,100.0,100.0,100
478,100.0,100.0,100.0,87.0,71.0,100.0,59.0,87.0,100.0,100.0,64.0,84.0,91
479,100.0,100.0,100.0,100.0,100.0,100.0,100.0,100.0,96.0,100.0,90.0,88.0,100
481,98.0,96.0,95.0,77.0,98.0,99.0,99.0,99.0,85.0,94.0,94.0,71.0,99
482,100.0,100.0,100.0,100.0,100.0,100.0,100.0,100.0,100.0,100.0,100.0,88.0,95
483,93.0,86.0,94.0,80.0,75.0,100.0,89.0,92.0,75.0,79.0,50.0,71.0,96
484,100.0,100.0,100.0,90.0,95.0,100.0,100.0,100.0,79.0,100.0,96.0,100.0,100
485,100.0,100.0,100.0,83.0,83.0,100.0,100.0,100.0,100.0,93.0,70.0,100.0,83
486,100.0,100.0,100.0,100.0,100.0,100.0,100.0,100.0,47.0,94.0,100.0,37.0,89
487,97.0,79.0,68.0,83.0,63.0,81.0,83.0,62.0,85.0,90.0,71.0,68.0,14
488,50.0,31.0,32.0,100.0,100.0,87.0,87.0,99.0,100.0,100.0,100.0,100.0,21
489,100.0,100.0,100.0,100.0,100.0,100.0,100.0,100.0,100.0,100.0,100.0,100.0,100
490,99.0,100.0,99.0,99.0,99.0,99.0,99.0,99.0,99.0,100.0,88.0,99.0,99
491,100.0,100.0,100.0,100.0,100.0,100.0,97.0,98.0,51.0,98.0,100.0,27.0,80
492,95.0,92.0,92.0,92.0,89.0,96.0,92.0,95.0,89.0,96.0,93.0,98.0,98
493,93.0,100.0,100.0,89.0,88.0,64.0,60.0,84.0,64.0,86.0,93.0,67.0,75
494,50.0,52.0,55.0,51.0,48.0,67.0,61.0,76.0,55.0,58.0,47.0,50.0,42
495,96.0,81.0,81.0,66.0,69.0,100.0,98.0,100.0,72.0,84.0,61.0,33.0,47
497,95.0,96.0,100.0,83.0,89.0,97.0,100.0,97.0,72.0,58.0,93.0,73.0,84
498,100.0,100.0,100.0,65.0,100.0,86.0,100.0,100.0,83.0,84.0,77.0,88.0,100
499,49.0,100.0,63.0,100.0,100.0,100.0,100.0,100.0,100.0,100.0,92.0,78.0,100
500,97.0,95.0,94.0,99.0,97.0,97.0,93.0,96.0,99.0,100.0,100.0,82.0,98
501,86.0,90.0,94.0,93.0,81.0,88.0,88.0,88.0,86.0,87.0,85.0,79.0,91
502,73.0,74.0,75.0,60.0,73.0,88.0,86.0,81.0,77.0,72.0,66.0,68.0,57
503,64.0,87.0,86.0,62.0,76.0,90.0,86.0,73.0,74.0,78.0,80.0,72.0,82
504,100.0,97.0,99.0,77.0,96.0,93.0,100.0,100.0,98.0,95.0,90.0,60.0,94
505,100.0,100.0,98.0,75.0,87.0,100.0,100.0,100.0,100.0,100.0,100.0,100.0,100
506,100.0,100.0,99.0,99.0,100.0,100.0,100.0,99.0,100.0,99.0,100.0,99.0,99
507,75.0,78.0,100.0,67.0,69.0,100.0,75.0,76.0,83.0,72.0,79.0,63.0,85
508,99.0,99.0,91.0,85.0,86.0,94.0,96.0,98.0,76.0,99.0,78.0,68.0,60
509,100.0,100.0,100.0,50.0,50.0,51.0,76.0,50.0,80.0,65.0,91.0,50.0,50
510,99.0,100.0,100.0,88.0,86.0,100.0,100.0,89.0,90.0,100.0,81.0,83.0,99
512,100.0,100.0,100.0,70.0,76.0,100.0,76.0,92.0,89.0,94.0,100.0,65.0,76
513,42.0,87.0,83.0,74.0,87.0,88.0,36.0,74.0,61.0,52.0,47.0,80.0,51
514,99.0,100.0,98.0,87.0,85.0,92.0,88.0,100.0,85.0,100.0,100.0,87.0,94
516,50.0,61.0,64.0,50.0,37.0,72.0,50.0,50.0,36.0,50.0,50.0,29.0,50
517,100.0,100.0,100.0,62.0,62.0,100.0,100.0,100.0,100.0,100.0,100.0,100.0,100
518,97.0,99.0,99.0,75.0,100.0,73.0,50.0,98.0,100.0,100.0,99.0,50.0,100
519,91.0,100.0,88.0,47.0,65.0,100.0,100.0,100.0,70.0,71.0,86.0,78.0,100
520,88.0,92.0,81.0,94.0,91.0,91.0,82.0,94.0,76.0,66.0,78.0,91.0,87
521,100.0,100.0,99.0,98.0,98.0,100.0,100.0,98.0,99.0,99.0,97.0,35.0,100
524,77.0,81.0,92.0,59.0,75.0,93.0,100.0,93.0,72.0,93.0,72.0,35.0,74
525,73.0,91.0,90.0,84.0,90.0,94.0,92.0,78.0,82.0,96.0,89.0,90.0,89
526,95.0,100.0,100.0,100.0,85.0,55.0,96.0,100.0,50.0,85.0,96.0,39.0,100
527,81.0,91.0,87.0,66.0,76.0,73.0,54.0,76.0,74.0,78.0,61.0,67.0,85
528,74.0,91.0,81.0,68.0,69.0,69.0,59.0,69.0,73.0,69.0,72.0,77.0,59
529,98.0,100.0,100.0,100.0,75.0,100.0,97.0,97.0,84.0,100.0,66.0,88.0,66
530,50.0,50.0,100.0,26.0,50.0,100.0,100.0,33.0,90.0,100.0,85.0,90.0,84
531,100.0,100.0,100.0,100.0,89.0,100.0,100.0,100.0,100.0,100.0,100.0,100.0,90
532,85.0,100.0,100.0,100.0,100.0,100.0,100.0,100.0,100.0,100.0,100.0,100.0,88
533,100.0,100.0,100.0,96.0,86.0,100.0,100.0,100.0,86.0,100.0,100.0,100.0,100
534,76.0,93.0,49.0,100.0,100.0,100.0,100.0,100.0,100.0,99.0,100.0,100.0,89
535,24.0,100.0,100.0,100.0,100.0,100.0,100.0,100.0,100.0,100.0,100.0,100.0,100
536,100.0,100.0,100.0,96.0,100.0,100.0,100.0,100.0,100.0,100.0,100.0,100.0,100
537,96.0,97.0,97.0,93.0,97.0,98.0,96.0,92.0,96.0,97.0,97.0,74.0,96
538,88.0,81.0,62.0,83.0,84.0,97.0,95.0,94.0,72.0,81.0,90.0,79.0,75
539,100.0,100.0,100.0,100.0,100.0,100.0,100.0,100.0,100.0,100.0,100.0,100.0,100
540,100.0,100.0,100.0,99.0,100.0,100.0,100.0,100.0,81.0,100.0,100.0,100.0,100
541,100.0,100.0,100.0,84.0,85.0,100.0,100.0,100.0,51.0,88.0,100.0,85.0,100
542,100.0,100.0,100.0,100.0,100.0,100.0,100.0,100.0,100.0,100.0,100.0,100.0,100
543,84.0,56.0,78.0,100.0,100.0,67.0,78.0,64.0,100.0,100.0,63.0,57.0,87
544,97.0,97.0,98.0,57.0,63.0,79.0,97.0,61.0,96.0,97.0,60.0,66.0,45
545,74.0,100.0,100.0,74.0,84.0,100.0,100.0,100.0,50.0,75.0,70.0,50.0,84
547,79.0,96.0,96.0,75.0,78.0,79.0,87.0,82.0,90.0,89.0,71.0,85.0,83
548,98.0,100.0,100.0,59.0,84.0,100.0,98.0,99.0,95.0,93.0,93.0,57.0,98
549,90.0,74.0,85.0,100.0,100.0,100.0,100.0,100.0,100.0,100.0,99.0,100.0,100
550,42.0,66.0,70.0,46.0,42.0,70.0,43.0,48.0,62.0,61.0,68.0,50.0,43
551,96.0,96.0,94.0,90.0,90.0,100.0,100.0,100.0,100.0,96.0,89.0,82.0,84
553,100.0,100.0,100.0,100.0,100.0,100.0,100.0,100.0,100.0,100.0,100.0,100.0,100
554,98.0,100.0,100.0,100.0,100.0,100.0,100.0,100.0,100.0,100.0,73.0,79.0,100
555,18.0,20.0,35.0,74.0,86.0,98.0,87.0,92.0,89.0,13.0,30.0,35.0,27
556,100.0,100.0,100.0,100.0,95.0,100.0,100.0,100.0,100.0,98.0,90.0,99.0,100
557,87.0,89.0,87.0,87.0,90.0,89.0,84.0,88.0,85.0,39.0,73.0,89.0,88
559,99.0,96.0,100.0,96.0,96.0,97.0,98.0,97.0,52.0,97.0,98.0,56.0,85
560,100.0,100.0,100.0,89.0,81.0,100.0,100.0,100.0,100.0,100.0,100.0,85.0,100
561,100.0,100.0,99.0,48.0,50.0,50.0,100.0,50.0,78.0,89.0,100.0,56.0,51
562,100.0,100.0,100.0,68.0,64.0,100.0,78.0,90.0,91.0,100.0,86.0,27.0,91
563,100.0,100.0,100.0,100.0,92.0,100.0,100.0,100.0,100.0,100.0,35.0,58.0,100
566,86.0,86.0,90.0,89.0,85.0,90.0,98.0,83.0,90.0,84.0,86.0,64.0,89
567,96.0,95.0,97.0,90.0,90.0,94.0,92.0,96.0,91.0,95.0,87.0,53.0,87
568,100.0,100.0,100.0,100.0,56.0,100.0,100.0,100.0,100.0,100.0,34.0,69.0,100
569,100.0,100.0,100.0,100.0,100.0,100.0,100.0,100.0,100.0,100.0,100.0,82.0,100
570,80.0,88.0,84.0,80.0,81.0,68.0,91.0,79.0,88.0,100.0,86.0,89.0,64
571,50.0,53.0,68.0,52.0,50.0,80.0,70.0,66.0,71.0,77.0,58.0,76.0,71
572,92.0,100.0,100.0,94.0,100.0,100.0,100.0,100.0,38.0,91.0,68.0,52.0,88
573,93.0,96.0,97.0,80.0,91.0,95.0,73.0,85.0,63.0,96.0,61.0,79.0,89
576,84.0,90.0,89.0,74.0,69.0,94.0,91.0,83.0,90.0,88.0,87.0,82.0,86
577,100.0,100.0,100.0,87.0,70.0,100.0,85.0,83.0,87.0,92.0,92.0,25.0,94
578,92.0,90.0,30.0,85.0,76.0,100.0,95.0,95.0,55.0,73.0,70.0,72.0,99
579,75.0,72.0,73.0,90.0,82.0,100.0,70.0,86.0,84.0,100.0,70.0,69.0,89
580,98.0,99.0,98.0,50.0,50.0,67.0,50.0,85.0,41.0,97.0,97.0,72.0,95
582,100.0,100.0,100.0,100.0,100.0,100.0,100.0,100.0,100.0,100.0,100.0,61.0,100
583,71.0,100.0,100.0,83.0,100.0,99.0,100.0,83.0,55.0,100.0,100.0,78.0,100
584,95.0,89.0,97.0,96.0,96.0,100.0,94.0,98.0,94.0,100.0,94.0,86.0,100
585,100.0,100.0,100.0,61.0,54.0,100.0,100.0,86.0,79.0,89.0,74.0,68.0,99
586,98.0,92.0,100.0,19.0,79.0,100.0,78.0,82.0,93.0,100.0,65.0,65.0,90
588,92.0,88.0,96.0,25.0,53.0,95.0,95.0,79.0,6.0,67.0,94.0,100.0,57
589,100.0,96.0,100.0,100.0,100.0,100.0,84.0,95.0,84.0,87.0,81.0,92.0,73
590,97.0,93.0,100.0,80.0,97.0,100.0,96.0,96.0,94.0,90.0,98.0,73.0,69
591,100.0,100.0,100.0,100.0,94.0,100.0,100.0,100.0,95.0,98.0,100.0,85.0,100
592,100.0,100.0,100.0,73.0,100.0,60.0,96.0,55.0,100.0,100.0,100.0,56.0,81
593,100.0,100.0,93.0,89.0,83.0,51.0,100.0,92.0,83.0,86.0,85.0,28.0,69
594,100.0,100.0,100.0,94.0,81.0,100.0,100.0,100.0,94.0,94.0,89.0,86.0,100
595,100.0,100.0,100.0,100.0,100.0,100.0,100.0,100.0,100.0,100.0,96.0,89.0,67
596,68.0,65.0,72.0,63.0,67.0,31.0,50.0,38.0,57.0,38.0,52.0,67.0,6
597,100.0,100.0,100.0,100.0,84.0,100.0,100.0,100.0,62.0,100.0,90.0,100.0,100
598,71.0,91.0,91.0,63.0,71.0,76.0,73.0,75.0,30.0,89.0,69.0,40.0,71
599,74.0,82.0,87.0,45.0,50.0,72.0,100.0,79.0,56.0,70.0,71.0,74.0,28
601,92.0,96.0,85.0,93.0,97.0,100.0,100.0,100.0,96.0,100.0,100.0,77.0,100
602,100.0,100.0,100.0,100.0,90.0,100.0,100.0,100.0,100.0,93.0,98.0,95.0,98
603,100.0,99.0,91.0,55.0,92.0,100.0,100.0,76.0,76.0,100.0,75.0,63.0,99
604,80.0,87.0,80.0,90.0,71.0,96.0,100.0,100.0,100.0,91.0,87.0,97.0,78
605,100.0,100.0,100.0,100.0,100.0,100.0,100.0,100.0,79.0,94.0,1.0,56.0,100
607,71.0,100.0,92.0,90.0,80.0,100.0,100.0,50.0,19.0,100.0,100.0,50.0,100
608,96.0,97.0,100.0,99.0,83.0,100.0,96.0,96.0,91.0,95.0,100.0,96.0,89
609,77.0,90.0,85.0,84.0,82.0,100.0,96.0,98.0,38.0,84.0,82.0,59.0,45
611,88.0,62.0,72.0,55.0,53.0,56.0,64.0,55.0,53.0,53.0,47.0,65.0,40
612,85.0,91.0,66.0,85.0,81.0,80.0,91.0,100.0,77.0,100.0,100.0,77.0,56
613,100.0,100.0,100.0,100.0,97.0,100.0,100.0,100.0,100.0,100.0,100.0,75.0,100
614,93.0,95.0,98.0,52.0,62.0,100.0,69.0,79.0,53.0,57.0,91.0,37.0,58
615,99.0,96.0,31.0,50.0,82.0,51.0,98.0,97.0,39.0,100.0,93.0,9.0,26
616,50.0,50.0,50.0,50.0,50.0,50.0,50.0,50.0,68.0,56.0,50.0,50.0,51
617,55.0,59.0,58.0,81.0,62.0,62.0,57.0,51.0,50.0,57.0,54.0,93.0,50
618,99.0,100.0,99.0,78.0,96.0,100.0,100.0,100.0,93.0,99.0,94.0,99.0,100
619,100.0,100.0,100.0,96.0,88.0,28.0,100.0,100.0,100.0,100.0,84.0,69.0,16
620,95.0,89.0,95.0,81.0,90.0,100.0,100.0,85.0,71.0,80.0,67.0,65.0,76
622,93.0,100.0,94.0,70.0,82.0,100.0,100.0,98.0,85.0,94.0,77.0,66.0,53
623,79.0,78.0,78.0,46.0,53.0,100.0,100.0,58.0,55.0,100.0,82.0,55.0,100
624,100.0,100.0,100.0,81.0,64.0,100.0,100.0,100.0,100.0,100.0,100.0,62.0,100
627,71.0,69.0,71.0,40.0,71.0,80.0,58.0,58.0,68.0,75.0,76.0,59.0,54
628,100.0,100.0,100.0,96.0,100.0,100.0,94.0,100.0,96.0,100.0,100.0,94.0,84
629,100.0,100.0,100.0,75.0,72.0,100.0,100.0,100.0,89.0,100.0,95.0,100.0,100
630,100.0,100.0,100.0,89.0,91.0,100.0,100.0,100.0,88.0,100.0,81.0,100.0,95
631,98.0,100.0,100.0,99.0,98.0,99.0,100.0,99.0,97.0,95.0,96.0,96.0,98
632,100.0,100.0,100.0,100.0,100.0,100.0,100.0,100.0,100.0,100.0,100.0,100.0,100
633,100.0,100.0,100.0,99.0,100.0,100.0,96.0,89.0,100.0,100.0,97.0,100.0,100
634,91.0,100.0,72.0,41.0,50.0,19.0,17.0,52.0,56.0,67.0,64.0,20.0,50
635,71.0,68.0,66.0,95.0,93.0,91.0,93.0,94.0,93.0,94.0,62.0,93.0,32
637,57.0,45.0,43.0,54.0,51.0,64.0,63.0,66.0,55.0,44.0,57.0,59.0,47
638,100.0,100.0,100.0,86.0,87.0,100.0,61.0,92.0,93.0,85.0,98.0,54.0,100
639,100.0,100.0,100.0,100.0,100.0,100.0,100.0,100.0,100.0,100.0,100.0,96.0,87
640,100.0,100.0,100.0,100.0,100.0,100.0,100.0,100.0,100.0,100.0,100.0,100.0,100
642,100.0,100.0,100.0,74.0,100.0,90.0,85.0,86.0,100.0,100.0,100.0,87.0,99
643,100.0,100.0,100.0,71.0,69.0,94.0,100.0,100.0,85.0,100.0,62.0,77.0,57
644,100.0,100.0,100.0,90.0,90.0,45.0,95.0,91.0,100.0,100.0,100.0,79.0,69
645,99.0,100.0,87.0,57.0,24.0,39.0,59.0,83.0,77.0,88.0,38.0,82.0,55
646,83.0,82.0,88.0,81.0,78.0,89.0,75.0,86.0,81.0,80.0,74.0,78.0,81
647,94.0,100.0,100.0,88.0,100.0,100.0,100.0,100.0,50.0,100.0,100.0,32.0,100
648,97.0,95.0,100.0,68.0,68.0,98.0,100.0,98.0,45.0,57.0,67.0,24.0,95
649,100.0,53.0,100.0,1.0,1.0,100.0,28.0,21.0,1.0,1.0,1.0,26.0,1
650,45.0,48.0,44.0,46.0,44.0,56.0,53.0,54.0,55.0,48.0,51.0,46.0,25
651,1.0,30.0,24.0,100.0,100.0,100.0,100.0,100.0,65.0,62.0,70.0,69.0,42
652,100.0,99.0,99.0,64.0,66.0,100.0,100.0,82.0,72.0,100.0,92.0,70.0,76
653,92.0,93.0,90.0,58.0,78.0,84.0,85.0,92.0,31.0,91.0,90.0,25.0,82
654,100.0,100.0,100.0,81.0,100.0,100.0,100.0,100.0,100.0,76.0,100.0,59.0,100
655,74.0,51.0,55.0,50.0,51.0,57.0,54.0,53.0,84.0,68.0,68.0,51.0,44
656,86.0,97.0,95.0,78.0,84.0,88.0,68.0,83.0,92.0,92.0,70.0,94.0,88
657,100.0,100.0,100.0,100.0,96.0,57.0,50.0,63.0,84.0,95.0,50.0,19.0,58
658,93.0,100.0,100.0,64.0,96.0,78.0,88.0,100.0,59.0,100.0,48.0,23.0,55
659,91.0,94.0,92.0,89.0,88.0,93.0,95.0,89.0,89.0,90.0,90.0,90.0,94
660,76.0,87.0,90.0,69.0,52.0,80.0,78.0,84.0,73.0,89.0,72.0,68.0,68
662,100.0,100.0,92.0,82.0,78.0,80.0,71.0,78.0,77.0,67.0,100.0,78.0,93
663,100.0,77.0,81.0,80.0,73.0,84.0,84.0,85.0,85.0,87.0,78.0,80.0,84
664,93.0,76.0,85.0,50.0,30.0,80.0,83.0,76.0,84.0,67.0,84.0,50.0,96
665,4.0,15.0,17.0,3.0,15.0,8.0,10.0,19.0,16.0,28.0,1.0,10.0,14
666,74.0,89.0,96.0,60.0,96.0,91.0,90.0,85.0,73.0,69.0,93.0,59.0,94
667,22.0,52.0,41.0,45.0,52.0,48.0,52.0,47.0,46.0,44.0,47.0,42.0,22
669,73.0,79.0,85.0,38.0,37.0,74.0,79.0,64.0,43.0,79.0,81.0,81.0,1
670,95.0,78.0,58.0,46.0,86.0,91.0,79.0,80.0,56.0,95.0,84.0,87.0,76
671,94.0,84.0,93.0,96.0,85.0,76.0,83.0,76.0,94.0,87.0,95.0,79.0,26
672,93.0,89.0,94.0,82.0,90.0,93.0,90.0,91.0,75.0,92.0,87.0,93.0,92
673,100.0,100.0,100.0,100.0,100.0,100.0,100.0,100.0,100.0,100.0,100.0,100.0,100
675,100.0,100.0,100.0,100.0,100.0,100.0,100.0,100.0,100.0,100.0,100.0,100.0,100
676,100.0,98.0,95.0,98.0,87.0,100.0,100.0,100.0,69.0,98.0,82.0,39.0,87
677,100.0,100.0,100.0,34.0,75.0,88.0,89.0,95.0,92.0,100.0,79.0,37.0,87
678,79.0,78.0,80.0,87.0,83.0,86.0,99.0,88.0,72.0,98.0,75.0,42.0,79
679,81.0,86.0,63.0,53.0,51.0,70.0,75.0,50.0,70.0,69.0,39.0,67.0,60
680,96.0,100.0,92.0,72.0,90.0,85.0,35.0,76.0,67.0,90.0,86.0,69.0,89
681,93.0,97.0,100.0,100.0,79.0,100.0,100.0,100.0,100.0,93.0,100.0,100.0,100
682,100.0,100.0,100.0,100.0,100.0,100.0,100.0,100.0,100.0,100.0,100.0,74.0,100
683,89.0,80.0,93.0,63.0,71.0,100.0,94.0,96.0,55.0,71.0,62.0,75.0,82
685,50.0,50.0,35.0,96.0,51.0,99.0,97.0,98.0,80.0,18.0,22.0,50.0,50
687,100.0,100.0,100.0,57.0,56.0,100.0,82.0,92.0,61.0,85.0,92.0,100.0,88
688,91.0,81.0,87.0,58.0,57.0,90.0,86.0,87.0,63.0,76.0,100.0,37.0,82
691,93.0,95.0,100.0,50.0,88.0,93.0,100.0,97.0,79.0,100.0,97.0,1.0,94
692,1.0,1.0,1.0,53.0,54.0,61.0,45.0,40.0,49.0,28.0,1.0,54.0,1
693,77.0,76.0,86.0,76.0,80.0,78.0,87.0,82.0,52.0,56.0,69.0,71.0,74
694,100.0,100.0,100.0,51.0,100.0,100.0,100.0,100.0,76.0,100.0,100.0,100.0,1
695,99.0,98.0,99.0,59.0,59.0,100.0,100.0,68.0,85.0,94.0,96.0,100.0,48
696,100.0,100.0,100.0,93.0,93.0,100.0,100.0,100.0,82.0,82.0,100.0,91.0,98
697,100.0,100.0,100.0,96.0,100.0,95.0,88.0,100.0,100.0,100.0,100.0,91.0,100
698,50.0,87.0,93.0,60.0,95.0,87.0,22.0,69.0,60.0,67.0,90.0,50.0,68
699,95.0,96.0,100.0,100.0,77.0,100.0,100.0,64.0,68.0,79.0,72.0,63.0,100
700,88.0,89.0,90.0,50.0,51.0,62.0,50.0,78.0,38.0,85.0,85.0,64.0,72
701,69.0,78.0,69.0,75.0,60.0,76.0,76.0,80.0,61.0,60.0,69.0,70.0,50
702,35.0,31.0,31.0,47.0,46.0,89.0,74.0,90.0,64.0,71.0,40.0,53.0,59
703,100.0,100.0,96.0,100.0,100.0,100.0,100.0,100.0,100.0,100.0,100.0,100.0,99
704,81.0,79.0,100.0,100.0,100.0,100.0,100.0,100.0,100.0,100.0,75.0,64.0,78
705,56.0,51.0,51.0,66.0,52.0,42.0,55.0,50.0,51.0,52.0,55.0,51.0,54
706,100.0,99.0,98.0,85.0,81.0,93.0,64.0,99.0,85.0,76.0,96.0,71.0,55
707,50.0,50.0,100.0,100.0,100.0,100.0,100.0,100.0,100.0,100.0,50.0,100.0,66
709,89.0,84.0,73.0,86.0,86.0,81.0,82.0,71.0,89.0,86.0,58.0,51.0,85
710,100.0,100.0,100.0,100.0,100.0,100.0,100.0,92.0,96.0,100.0,100.0,91.0,100
711,71.0,86.0,66.0,78.0,74.0,67.0,60.0,59.0,86.0,67.0,68.0,51.0,60
713,84.0,83.0,94.0,96.0,100.0,93.0,96.0,98.0,96.0,97.0,91.0,75.0,72
714,92.0,85.0,95.0,89.0,79.0,92.0,50.0,91.0,88.0,87.0,88.0,87.0,86
715,91.0,92.0,91.0,73.0,61.0,94.0,92.0,86.0,96.0,86.0,94.0,29.0,98
716,100.0,100.0,100.0,87.0,95.0,100.0,100.0,100.0,99.0,92.0,100.0,99.0,100
717,95.0,95.0,97.0,96.0,94.0,96.0,97.0,95.0,94.0,92.0,88.0,96.0,94
719,5.0,22.0,11.0,14.0,63.0,59.0,35.0,70.0,15.0,13.0,15.0,14.0,22
721,84.0,78.0,85.0,68.0,79.0,81.0,77.0,81.0,76.0,69.0,86.0,55.0,52
722,99.0,100.0,99.0,78.0,96.0,99.0,100.0,97.0,79.0,96.0,81.0,90.0,80
723,90.0,91.0,100.0,81.0,88.0,97.0,90.0,95.0,81.0,67.0,89.0,67.0,87
724,97.0,98.0,100.0,100.0,100.0,83.0,100.0,100.0,81.0,90.0,100.0,57.0,100
725,85.0,87.0,96.0,78.0,77.0,63.0,100.0,100.0,67.0,64.0,85.0,92.0,84
726,1.0,1.0,1.0,1.0,5.0,1.0,1.0,1.0,1.0,1.0,1.0,3.0,1
727,89.0,88.0,89.0,88.0,89.0,87.0,81.0,86.0,86.0,78.0,73.0,57.0,96
728,50.0,51.0,50.0,79.0,82.0,50.0,50.0,50.0,51.0,50.0,50.0,50.0,79
729,95.0,88.0,46.0,81.0,94.0,96.0,96.0,93.0,100.0,100.0,94.0,82.0,100
730,100.0,79.0,100.0,66.0,62.0,100.0,100.0,91.0,59.0,50.0,61.0,53.0,100
732,81.0,68.0,91.0,57.0,55.0,76.0,56.0,74.0,65.0,74.0,39.0,70.0,62
734,97.0,79.0,94.0,50.0,50.0,100.0,92.0,82.0,50.0,63.0,63.0,50.0,54
735,100.0,100.0,89.0,100.0,100.0,100.0,100.0,100.0,93.0,95.0,88.0,90.0,90
736,96.0,95.0,98.0,95.0,96.0,53.0,95.0,54.0,96.0,97.0,99.0,46.0,99
737,100.0,100.0,100.0,100.0,100.0,100.0,100.0,100.0,98.0,97.0,98.0,98.0,100
738,100.0,100.0,100.0,100.0,100.0,100.0,100.0,100.0,100.0,78.0,100.0,100.0,81
739,98.0,99.0,99.0,71.0,100.0,80.0,92.0,85.0,90.0,95.0,80.0,84.0,97
740,83.0,78.0,87.0,82.0,88.0,63.0,57.0,68.0,74.0,84.0,83.0,69.0,66
741,81.0,94.0,90.0,74.0,58.0,100.0,100.0,74.0,77.0,97.0,91.0,42.0,83
742,79.0,92.0,100.0,64.0,83.0,100.0,59.0,70.0,76.0,65.0,81.0,72.0,100
743,100.0,92.0,96.0,96.0,94.0,88.0,98.0,91.0,92.0,92.0,82.0,82.0,78
745,100.0,100.0,99.0,79.0,82.0,95.0,80.0,100.0,77.0,95.0,79.0,85.0,88
746,54.0,64.0,62.0,52.0,62.0,70.0,52.0,52.0,52.0,52.0,65.0,57.0,56
747,90.0,100.0,100.0,100.0,100.0,100.0,100.0,100.0,94.0,100.0,100.0,97.0,100
748,95.0,88.0,100.0,97.0,100.0,100.0,100.0,99.0,98.0,99.0,64.0,100.0,79
749,73.0,85.0,95.0,58.0,60.0,55.0,85.0,88.0,57.0,68.0,53.0,66.0,96
750,93.0,94.0,65.0,88.0,89.0,89.0,89.0,90.0,71.0,86.0,60.0,89.0,80
751,50.0,50.0,50.0,50.0,50.0,50.0,50.0,50.0,50.0,50.0,51.0,50.0,50
752,88.0,100.0,100.0,69.0,67.0,100.0,63.0,71.0,63.0,100.0,100.0,62.0,61
753,99.0,98.0,98.0,97.0,97.0,97.0,98.0,98.0,86.0,97.0,100.0,98.0,98
754,83.0,100.0,100.0,100.0,93.0,92.0,100.0,94.0,100.0,92.0,92.0,85.0,100
756,92.0,100.0,95.0,77.0,93.0,98.0,86.0,90.0,56.0,95.0,91.0,45.0,78
757,91.0,80.0,82.0,77.0,100.0,88.0,83.0,87.0,82.0,87.0,87.0,100.0,95
758,100.0,100.0,100.0,100.0,100.0,100.0,100.0,100.0,100.0,100.0,100.0,68.0,100
759,100.0,100.0,100.0,80.0,68.0,100.0,100.0,100.0,82.0,93.0,100.0,42.0,95
760,88.0,80.0,89.0,61.0,88.0,54.0,94.0,93.0,41.0,70.0,83.0,58.0,34
762,100.0,100.0,100.0,100.0,100.0,93.0,100.0,100.0,100.0,100.0,100.0,100.0,100
763,99.0,100.0,100.0,39.0,68.0,99.0,100.0,80.0,99.0,95.0,87.0,74.0,80
764,100.0,100.0,100.0,94.0,73.0,100.0,100.0,100.0,100.0,100.0,100.0,78.0,100
765,50.0,92.0,75.0,73.0,68.0,83.0,65.0,67.0,50.0,64.0,64.0,69.0,76
767,100.0,100.0,100.0,100.0,100.0,100.0,91.0,91.0,64.0,100.0,88.0,67.0,90
771,100.0,100.0,100.0,80.0,82.0,100.0,100.0,100.0,78.0,100.0,100.0,60.0,91
772,100.0,100.0,100.0,100.0,98.0,100.0,91.0,100.0,100.0,100.0,64.0,100.0,58
773,67.0,79.0,72.0,80.0,78.0,83.0,88.0,83.0,78.0,95.0,87.0,47.0,74
774,59.0,100.0,100.0,54.0,67.0,93.0,71.0,87.0,70.0,76.0,76.0,42.0,82
775,100.0,100.0,100.0,100.0,99.0,100.0,100.0,100.0,100.0,100.0,100.0,100.0,100
777,100.0,100.0,100.0,32.0,53.0,86.0,68.0,83.0,69.0,63.0,79.0,65.0,68
778,50.0,98.0,99.0,50.0,50.0,98.0,99.0,99.0,50.0,50.0,51.0,50.0,99
780,100.0,100.0,100.0,74.0,70.0,86.0,100.0,88.0,78.0,70.0,100.0,54.0,100
781,100.0,100.0,90.0,68.0,50.0,61.0,50.0,61.0,77.0,84.0,100.0,50.0,46
782,100.0,60.0,98.0,80.0,66.0,85.0,75.0,70.0,81.0,90.0,66.0,40.0,64
783,99.0,100.0,93.0,78.0,96.0,96.0,100.0,100.0,90.0,93.0,82.0,84.0,90
784,94.0,87.0,78.0,88.0,82.0,76.0,76.0,88.0,100.0,83.0,69.0,95.0,79
785,100.0,100.0,100.0,100.0,87.0,100.0,62.0,100.0,72.0,100.0,100.0,100.0,85
787,39.0,41.0,36.0,67.0,73.0,72.0,67.0,76.0,50.0,75.0,68.0,72.0,50
788,40.0,53.0,57.0,35.0,41.0,71.0,44.0,64.0,43.0,37.0,56.0,26.0,100
790,100.0,100.0,100.0,88.0,92.0,100.0,100.0,100.0,100.0,100.0,96.0,91.0,87
791,78.0,82.0,100.0,51.0,50.0,84.0,85.0,71.0,20.0,51.0,53.0,63.0,83
792,50.0,50.0,74.0,59.0,50.0,89.0,87.0,40.0,84.0,85.0,89.0,50.0,87
793,84.0,92.0,77.0,73.0,71.0,72.0,83.0,77.0,11.0,50.0,59.0,51.0,50
794,56.0,57.0,37.0,40.0,49.0,64.0,57.0,57.0,55.0,60.0,26.0,45.0,61
795,100.0,100.0,100.0,100.0,100.0,100.0,100.0,100.0,80.0,68.0,100.0,71.0,100
797,100.0,100.0,100.0,92.0,94.0,100.0,100.0,100.0,93.0,100.0,89.0,94.0,100
798,51.0,55.0,48.0,43.0,45.0,52.0,53.0,100.0,100.0,100.0,52.0,45.0,51
799,28.0,98.0,96.0,52.0,57.0,65.0,81.0,59.0,56.0,58.0,54.0,64.0,53
800,100.0,100.0,92.0,77.0,80.0,100.0,100.0,98.0,91.0,83.0,100.0,100.0,84
801,100.0,100.0,100.0,94.0,96.0,100.0,100.0,100.0,87.0,100.0,99.0,71.0,98
802,51.0,52.0,100.0,52.0,52.0,81.0,46.0,82.0,72.0,71.0,100.0,57.0,75
803,99.0,94.0,100.0,80.0,85.0,100.0,97.0,87.0,83.0,70.0,67.0,90.0,80
804,61.0,71.0,58.0,68.0,63.0,60.0,57.0,61.0,63.0,61.0,59.0,54.0,55
805,100.0,100.0,100.0,100.0,100.0,100.0,100.0,100.0,100.0,100.0,100.0,94.0,100
806,35.0,29.0,20.0,67.0,64.0,41.0,63.0,59.0,36.0,60.0,43.0,21.0,40
807,100.0,100.0,100.0,74.0,100.0,100.0,66.0,100.0,100.0,100.0,96.0,100.0,65
808,75.0,50.0,88.0,50.0,55.0,93.0,70.0,50.0,83.0,82.0,76.0,79.0,50
809,88.0,100.0,100.0,95.0,91.0,93.0,98.0,90.0,64.0,62.0,100.0,99.0,80
810,100.0,100.0,100.0,94.0,91.0,100.0,100.0,92.0,92.0,95.0,79.0,90.0,100
811,100.0,100.0,100.0,100.0,100.0,100.0,100.0,100.0,98.0,100.0,86.0,26.0,100
812,85.0,75.0,71.0,53.0,87.0,90.0,92.0,86.0,66.0,57.0,77.0,73.0,77
814,100.0,95.0,100.0,61.0,100.0,100.0,85.0,73.0,72.0,100.0,100.0,50.0,100
815,88.0,56.0,76.0,78.0,47.0,98.0,95.0,30.0,62.0,98.0,86.0,52.0,69
816,82.0,62.0,68.0,100.0,100.0,100.0,100.0,100.0,100.0,92.0,80.0,100.0,90
817,50.0,61.0,43.0,55.0,50.0,72.0,60.0,58.0,69.0,53.0,50.0,68.0,53
818,100.0,89.0,98.0,71.0,84.0,100.0,100.0,100.0,68.0,68.0,57.0,56.0,64
819,94.0,90.0,92.0,33.0,26.0,66.0,52.0,50.0,26.0,92.0,79.0,28.0,69
820,96.0,51.0,50.0,83.0,80.0,99.0,50.0,90.0,89.0,82.0,50.0,50.0,50
821,100.0,82.0,100.0,100.0,100.0,100.0,100.0,100.0,79.0,87.0,94.0,90.0,70
822,93.0,70.0,66.0,85.0,75.0,60.0,59.0,82.0,80.0,59.0,50.0,44.0,58
823,80.0,78.0,81.0,58.0,71.0,72.0,70.0,64.0,76.0,70.0,63.0,65.0,72
824,98.0,98.0,98.0,85.0,85.0,98.0,76.0,98.0,50.0,100.0,89.0,50.0,98
825,79.0,94.0,100.0,66.0,77.0,99.0,70.0,90.0,76.0,77.0,62.0,67.0,82
826,85.0,84.0,90.0,66.0,62.0,88.0,92.0,93.0,86.0,90.0,24.0,57.0,55
827,53.0,31.0,38.0,32.0,47.0,76.0,59.0,50.0,52.0,50.0,52.0,57.0,47
828,1.0,1.0,1.0,48.0,53.0,62.0,55.0,56.0,54.0,1.0,30.0,64.0,1
829,100.0,100.0,100.0,96.0,99.0,92.0,99.0,100.0,84.0,73.0,88.0,43.0,88
830,75.0,66.0,74.0,75.0,65.0,86.0,71.0,81.0,35.0,35.0,85.0,69.0,38
831,100.0,100.0,98.0,69.0,62.0,87.0,100.0,99.0,94.0,93.0,99.0,65.0,96
833,92.0,91.0,93.0,51.0,51.0,51.0,88.0,80.0,51.0,77.0,75.0,43.0,93
834,81.0,100.0,89.0,62.0,66.0,100.0,100.0,100.0,88.0,100.0,100.0,100.0,90
836,100.0,100.0,100.0,100.0,100.0,100.0,100.0,100.0,100.0,100.0,100.0,91.0,93
837,77.0,72.0,79.0,59.0,39.0,82.0,52.0,72.0,64.0,63.0,76.0,74.0,74
838,100.0,100.0,100.0,33.0,50.0,100.0,100.0,100.0,76.0,100.0,100.0,53.0,68
839,100.0,100.0,100.0,98.0,99.0,99.0,98.0,99.0,100.0,99.0,98.0,59.0,95
840,88.0,88.0,67.0,53.0,36.0,73.0,86.0,82.0,73.0,79.0,50.0,56.0,84
841,99.0,97.0,100.0,37.0,80.0,100.0,100.0,97.0,100.0,100.0,100.0,41.0,80
842,100.0,99.0,100.0,78.0,90.0,100.0,95.0,97.0,76.0,77.0,85.0,94.0,92
843,98.0,100.0,97.0,73.0,82.0,46.0,58.0,63.0,70.0,75.0,85.0,29.0,76
844,100.0,100.0,100.0,93.0,80.0,49.0,51.0,50.0,51.0,95.0,93.0,22.0,97
845,96.0,81.0,78.0,97.0,100.0,97.0,98.0,99.0,100.0,100.0,88.0,53.0,95
846,82.0,100.0,100.0,89.0,100.0,100.0,100.0,100.0,100.0,77.0,53.0,54.0,68
847,96.0,100.0,96.0,88.0,90.0,95.0,100.0,96.0,93.0,91.0,86.0,80.0,71
848,96.0,99.0,99.0,88.0,88.0,100.0,92.0,100.0,100.0,100.0,100.0,84.0,90
849,100.0,100.0,100.0,100.0,98.0,100.0,100.0,100.0,100.0,61.0,67.0,82.0,100
851,1.0,100.0,84.0,100.0,100.0,100.0,100.0,100.0,67.0,56.0,97.0,100.0,100
852,63.0,64.0,73.0,46.0,63.0,64.0,67.0,65.0,31.0,71.0,77.0,44.0,90
853,100.0,100.0,100.0,87.0,100.0,100.0,100.0,100.0,100.0,100.0,100.0,25.0,100
854,95.0,100.0,97.0,74.0,100.0,100.0,100.0,99.0,95.0,78.0,99.0,99.0,32
855,82.0,72.0,97.0,100.0,100.0,83.0,75.0,85.0,98.0,100.0,100.0,100.0,94
856,71.0,65.0,90.0,43.0,50.0,57.0,74.0,62.0,39.0,55.0,67.0,51.0,46
857,100.0,100.0,100.0,100.0,84.0,100.0,100.0,100.0,71.0,100.0,75.0,50.0,100
858,89.0,92.0,93.0,88.0,89.0,91.0,87.0,91.0,90.0,92.0,90.0,87.0,100
859,89.0,79.0,88.0,92.0,86.0,91.0,83.0,89.0,100.0,100.0,93.0,82.0,85
860,100.0,100.0,100.0,88.0,89.0,100.0,58.0,100.0,56.0,90.0,100.0,31.0,100
861,100.0,100.0,100.0,100.0,100.0,100.0,100.0,100.0,100.0,100.0,100.0,100.0,100
862,72.0,61.0,63.0,50.0,77.0,91.0,94.0,63.0,92.0,93.0,50.0,83.0,46
863,83.0,82.0,84.0,100.0,97.0,82.0,77.0,100.0,44.0,83.0,93.0,96.0,80
864,50.0,70.0,74.0,50.0,50.0,64.0,50.0,50.0,40.0,50.0,74.0,29.0,84
865,95.0,74.0,96.0,69.0,76.0,100.0,100.0,99.0,48.0,95.0,86.0,56.0,72
866,90.0,89.0,83.0,88.0,91.0,91.0,89.0,88.0,67.0,73.0,89.0,72.0,69
867,100.0,100.0,100.0,82.0,100.0,94.0,100.0,99.0,100.0,74.0,83.0,100.0,94
868,87.0,85.0,100.0,63.0,80.0,100.0,75.0,100.0,51.0,95.0,66.0,21.0,70
869,92.0,95.0,91.0,58.0,74.0,89.0,94.0,95.0,94.0,75.0,70.0,63.0,86
871,100.0,100.0,100.0,96.0,99.0,100.0,100.0,100.0,98.0,100.0,100.0,93.0,82
873,100.0,100.0,97.0,100.0,100.0,100.0,83.0,96.0,100.0,100.0,94.0,92.0,100
874,90.0,95.0,87.0,89.0,89.0,95.0,72.0,81.0,58.0,68.0,70.0,59.0,44
875,67.0,60.0,46.0,78.0,41.0,47.0,40.0,85.0,60.0,91.0,61.0,33.0,36
877,100.0,96.0,100.0,83.0,100.0,100.0,100.0,100.0,92.0,100.0,91.0,68.0,91
878,99.0,90.0,100.0,96.0,98.0,100.0,97.0,100.0,91.0,60.0,100.0,82.0,99
881,1.0,1.0,1.0,23.0,24.0,31.0,30.0,29.0,39.0,21.0,16.0,19.0,2
882,50.0,50.0,50.0,95.0,95.0,99.0,59.0,99.0,99.0,99.0,96.0,97.0,99
883,57.0,62.0,60.0,69.0,55.0,57.0,54.0,57.0,71.0,57.0,60.0,57.0,66
884,87.0,88.0,91.0,79.0,82.0,92.0,84.0,87.0,83.0,73.0,85.0,90.0,31
886,26.0,46.0,33.0,27.0,50.0,55.0,34.0,44.0,80.0,94.0,94.0,8.0,22
887,49.0,69.0,52.0,70.0,69.0,89.0,55.0,87.0,56.0,78.0,51.0,52.0,82
888,100.0,100.0,99.0,99.0,98.0,86.0,96.0,94.0,92.0,100.0,100.0,99.0,96
889,62.0,62.0,69.0,75.0,77.0,78.0,79.0,66.0,68.0,59.0,67.0,71.0,65
890,82.0,91.0,93.0,54.0,44.0,96.0,94.0,91.0,92.0,92.0,64.0,92.0,92
891,100.0,100.0,100.0,100.0,100.0,100.0,100.0,100.0,100.0,100.0,100.0,100.0,100
892,95.0,100.0,99.0,96.0,100.0,98.0,97.0,100.0,85.0,93.0,91.0,93.0,97
893,100.0,100.0,100.0,100.0,100.0,100.0,100.0,100.0,100.0,100.0,100.0,100.0,100
894,100.0,100.0,89.0,68.0,88.0,100.0,92.0,76.0,71.0,80.0,100.0,70.0,74
895,100.0,100.0,97.0,100.0,100.0,100.0,100.0,100.0,98.0,100.0,100.0,100.0,93
896,91.0,78.0,82.0,29.0,36.0,98.0,98.0,98.0,80.0,93.0,56.0,39.0,60
897,35.0,30.0,37.0,33.0,33.0,33.0,31.0,37.0,30.0,34.0,28.0,34.0,32
898,100.0,100.0,100.0,100.0,100.0,100.0,100.0,100.0,100.0,100.0,100.0,100.0,100
899,100.0,100.0,100.0,100.0,100.0,100.0,100.0,100.0,100.0,100.0,100.0,100.0,100
900,92.0,78.0,81.0,91.0,80.0,98.0,82.0,81.0,61.0,79.0,87.0,50.0,69
901,55.0,59.0,67.0,50.0,50.0,65.0,50.0,50.0,44.0,50.0,73.0,50.0,38
902,100.0,100.0,100.0,93.0,97.0,100.0,90.0,100.0,100.0,100.0,100.0,92.0,74
903,97.0,95.0,97.0,76.0,74.0,98.0,98.0,96.0,77.0,82.0,87.0,76.0,68
904,90.0,97.0,88.0,92.0,89.0,81.0,60.0,78.0,97.0,97.0,97.0,89.0,84
905,70.0,51.0,100.0,51.0,51.0,74.0,82.0,87.0,51.0,51.0,49.0,50.0,50
907,100.0,100.0,100.0,100.0,100.0,100.0,100.0,100.0,98.0,100.0,92.0,100.0,100
908,75.0,67.0,97.0,74.0,71.0,59.0,76.0,65.0,82.0,71.0,69.0,94.0,60
909,100.0,100.0,100.0,100.0,100.0,100.0,100.0,100.0,100.0,100.0,100.0,100.0,86
910,100.0,100.0,100.0,88.0,100.0,100.0,100.0,100.0,61.0,100.0,93.0,100.0,83
911,96.0,96.0,93.0,94.0,92.0,91.0,49.0,75.0,88.0,71.0,91.0,55.0,89
912,100.0,100.0,100.0,100.0,100.0,100.0,100.0,100.0,100.0,100.0,100.0,89.0,100
913,91.0,90.0,78.0,81.0,75.0,55.0,86.0,59.0,85.0,90.0,88.0,72.0,60
914,73.0,68.0,71.0,71.0,77.0,64.0,72.0,65.0,66.0,67.0,64.0,73.0,60
916,98.0,95.0,99.0,92.0,98.0,100.0,97.0,93.0,96.0,94.0,96.0,96.0,99
917,50.0,54.0,51.0,74.0,80.0,84.0,50.0,51.0,90.0,88.0,51.0,82.0,50
918,61.0,68.0,70.0,64.0,50.0,76.0,63.0,80.0,66.0,63.0,50.0,50.0,42
919,99.0,100.0,100.0,100.0,100.0,100.0,96.0,96.0,67.0,37.0,81.0,72.0,100
920,100.0,100.0,100.0,78.0,67.0,100.0,91.0,100.0,25.0,100.0,100.0,75.0,42
921,61.0,83.0,78.0,86.0,92.0,79.0,63.0,79.0,46.0,72.0,50.0,60.0,64
922,97.0,79.0,95.0,96.0,100.0,100.0,93.0,100.0,100.0,100.0,93.0,79.0,100
923,61.0,61.0,59.0,54.0,57.0,65.0,57.0,56.0,64.0,56.0,57.0,56.0,55
925,91.0,96.0,95.0,69.0,50.0,94.0,65.0,83.0,66.0,78.0,50.0,50.0,50
926,100.0,100.0,100.0,100.0,100.0,100.0,100.0,100.0,100.0,100.0,100.0,100.0,98
927,62.0,68.0,72.0,58.0,64.0,64.0,58.0,69.0,47.0,68.0,64.0,67.0,66
928,98.0,100.0,100.0,100.0,100.0,100.0,100.0,100.0,100.0,100.0,100.0,99.0,100
930,83.0,100.0,100.0,100.0,100.0,100.0,100.0,100.0,100.0,100.0,100.0,100.0,81
931,100.0,100.0,100.0,100.0,100.0,100.0,100.0,100.0,100.0,100.0,100.0,100.0,100
932,90.0,90.0,86.0,62.0,55.0,56.0,53.0,56.0,72.0,81.0,54.0,55.0,93
933,100.0,100.0,100.0,99.0,98.0,100.0,100.0,100.0,96.0,100.0,99.0,100.0,100
934,94.0,74.0,52.0,100.0,100.0,99.0,100.0,100.0,92.0,88.0,71.0,72.0,100
936,86.0,79.0,94.0,83.0,71.0,83.0,74.0,82.0,73.0,88.0,86.0,74.0,76
937,84.0,87.0,81.0,80.0,80.0,81.0,86.0,82.0,81.0,85.0,80.0,83.0,84
938,100.0,100.0,100.0,90.0,87.0,100.0,88.0,70.0,92.0,95.0,100.0,81.0,86
939,100.0,100.0,100.0,92.0,100.0,100.0,100.0,100.0,97.0,100.0,100.0,100.0,100
940,100.0,100.0,100.0,100.0,100.0,100.0,100.0,100.0,100.0,100.0,100.0,100.0,100
941,65.0,55.0,72.0,51.0,50.0,50.0,50.0,57.0,51.0,52.0,51.0,47.0,51
942,56.0,49.0,51.0,42.0,45.0,52.0,53.0,56.0,55.0,52.0,47.0,56.0,43
943,60.0,100.0,100.0,38.0,57.0,58.0,67.0,58.0,71.0,92.0,79.0,69.0,77
945,75.0,82.0,88.0,91.0,90.0,88.0,77.0,88.0,85.0,75.0,84.0,80.0,88
946,96.0,91.0,98.0,90.0,77.0,92.0,89.0,85.0,84.0,57.0,51.0,32.0,51
947,91.0,95.0,96.0,99.0,99.0,100.0,99.0,100.0,98.0,98.0,99.0,100.0,48
948,100.0,100.0,100.0,100.0,88.0,84.0,92.0,92.0,100.0,85.0,97.0,75.0,100
949,100.0,100.0,100.0,100.0,100.0,100.0,100.0,100.0,100.0,100.0,100.0,100.0,100
950,97.0,99.0,100.0,99.0,98.0,100.0,98.0,100.0,97.0,99.0,87.0,100.0,97
951,100.0,100.0,100.0,97.0,96.0,93.0,81.0,90.0,100.0,93.0,92.0,100.0,92
952,100.0,100.0,100.0,99.0,100.0,98.0,100.0,96.0,100.0,100.0,94.0,100.0,96
953,52.0,53.0,52.0,74.0,68.0,19.0,75.0,39.0,87.0,90.0,74.0,53.0,58
954,87.0,59.0,68.0,74.0,52.0,84.0,67.0,74.0,74.0,79.0,60.0,46.0,69
955,80.0,66.0,67.0,73.0,64.0,36.0,62.0,63.0,56.0,58.0,61.0,63.0,37
957,100.0,98.0,98.0,97.0,78.0,97.0,94.0,98.0,98.0,98.0,96.0,90.0,64
958,92.0,89.0,95.0,80.0,86.0,94.0,87.0,86.0,69.0,77.0,83.0,85.0,67
959,87.0,82.0,81.0,74.0,74.0,80.0,67.0,74.0,100.0,67.0,56.0,99.0,64
960,84.0,68.0,68.0,58.0,57.0,60.0,64.0,57.0,50.0,65.0,65.0,59.0,62
961,80.0,83.0,78.0,71.0,67.0,62.0,74.0,70.0,67.0,71.0,74.0,82.0,61
962,65.0,73.0,79.0,93.0,88.0,76.0,100.0,90.0,82.0,82.0,56.0,82.0,48
963,100.0,100.0,100.0,100.0,100.0,100.0,99.0,100.0,100.0,100.0,100.0,100.0,100
964,100.0,100.0,100.0,100.0,100.0,100.0,100.0,100.0,100.0,100.0,100.0,100.0,100
965,100.0,93.0,100.0,97.0,100.0,63.0,90.0,94.0,92.0,98.0,100.0,95.0,87
966,97.0,96.0,96.0,64.0,70.0,97.0,94.0,96.0,6.0,68.0,66.0,64.0,13
967,100.0,100.0,93.0,87.0,72.0,100.0,100.0,86.0,100.0,100.0,88.0,91.0,100
968,100.0,100.0,100.0,95.0,94.0,96.0,100.0,100.0,74.0,69.0,97.0,71.0,80
969,83.0,82.0,89.0,56.0,55.0,77.0,70.0,75.0,57.0,84.0,90.0,69.0,50
970,56.0,54.0,54.0,57.0,56.0,53.0,46.0,54.0,55.0,54.0,22.0,39.0,39
971,93.0,81.0,75.0,46.0,55.0,75.0,28.0,75.0,90.0,98.0,95.0,81.0,62
972,87.0,79.0,91.0,83.0,82.0,100.0,100.0,90.0,93.0,100.0,90.0,46.0,86
974,100.0,100.0,100.0,100.0,100.0,100.0,95.0,82.0,92.0,100.0,93.0,62.0,100
975,100.0,91.0,95.0,97.0,96.0,98.0,94.0,100.0,77.0,100.0,98.0,100.0,94
976,99.0,97.0,97.0,97.0,87.0,100.0,92.0,100.0,99.0,99.0,97.0,91.0,100
977,100.0,100.0,100.0,82.0,42.0,100.0,80.0,77.0,69.0,82.0,97.0,37.0,90
978,95.0,96.0,97.0,92.0,93.0,100.0,75.0,100.0,89.0,90.0,88.0,92.0,83
979,98.0,98.0,97.0,94.0,96.0,98.0,96.0,96.0,87.0,95.0,93.0,92.0,98
980,91.0,84.0,88.0,14.0,17.0,95.0,29.0,43.0,27.0,23.0,58.0,73.0,42
981,100.0,100.0,100.0,100.0,100.0,100.0,100.0,100.0,100.0,100.0,100.0,88.0,100
982,98.0,98.0,97.0,89.0,86.0,99.0,98.0,98.0,99.0,98.0,99.0,97.0,97
984,100.0,100.0,100.0,96.0,94.0,100.0,100.0,100.0,95.0,89.0,83.0,86.0,77
985,99.0,98.0,100.0,100.0,90.0,100.0,100.0,100.0,93.0,100.0,100.0,95.0,100
986,61.0,38.0,33.0,64.0,63.0,44.0,63.0,41.0,39.0,62.0,62.0,40.0,36
988,55.0,60.0,58.0,62.0,62.0,59.0,57.0,60.0,61.0,65.0,59.0,60.0,60
989,100.0,100.0,100.0,100.0,100.0,100.0,100.0,100.0,100.0,100.0,100.0,100.0,100
990,82.0,63.0,50.0,65.0,59.0,72.0,64.0,64.0,62.0,82.0,50.0,58.0,33
991,52.0,51.0,54.0,63.0,57.0,55.0,55.0,56.0,61.0,35.0,57.0,57.0,43
992,87.0,59.0,100.0,54.0,55.0,57.0,54.0,54.0,8.0,91.0,100.0,51.0,44
993,75.0,80.0,80.0,78.0,68.0,91.0,92.0,80.0,58.0,67.0,59.0,53.0,56
994,100.0,100.0,100.0,99.0,100.0,100.0,100.0,100.0,100.0,100.0,100.0,94.0,100
995,98.0,100.0,100.0,100.0,100.0,100.0,100.0,100.0,100.0,100.0,96.0,99.0,98
996,96.0,80.0,82.0,78.0,50.0,100.0,90.0,91.0,76.0,71.0,76.0,83.0,64
997,100.0,100.0,100.0,44.0,100.0,82.0,99.0,76.0,60.0,100.0,99.0,86.0,50
998,97.0,86.0,96.0,83.0,72.0,79.0,75.0,85.0,80.0,79.0,65.0,57.0,61
999,96.0,98.0,99.0,100.0,99.0,100.0,100.0,100.0,99.0,100.0,74.0,100.0,89
1002,100.0,100.0,98.0,100.0,100.0,100.0,100.0,100.0,100.0,100.0,99.0,100.0,100
1003,61.0,53.0,100.0,76.0,32.0,100.0,100.0,33.0,66.0,69.0,89.0,31.0,52
1004,100.0,100.0,100.0,100.0,100.0,100.0,100.0,100.0,100.0,100.0,100.0,100.0,100
1005,94.0,96.0,94.0,67.0,76.0,92.0,88.0,88.0,63.0,89.0,89.0,60.0,66
1006,71.0,65.0,91.0,82.0,93.0,87.0,72.0,62.0,62.0,62.0,50.0,50.0,49
1007,100.0,100.0,100.0,100.0,100.0,100.0,100.0,100.0,100.0,100.0,100.0,100.0,100
1008,98.0,96.0,98.0,96.0,93.0,97.0,93.0,95.0,96.0,93.0,90.0,95.0,89
1009,69.0,76.0,80.0,59.0,62.0,85.0,61.0,87.0,63.0,69.0,88.0,81.0,76
1010,100.0,100.0,100.0,100.0,100.0,100.0,100.0,100.0,100.0,100.0,100.0,100.0,100
1011,100.0,100.0,100.0,100.0,100.0,100.0,100.0,100.0,100.0,100.0,100.0,100.0,79
1012,97.0,92.0,100.0,69.0,75.0,99.0,88.0,96.0,100.0,94.0,98.0,100.0,79
1013,100.0,91.0,89.0,80.0,90.0,84.0,100.0,85.0,37.0,100.0,100.0,100.0,71
1014,100.0,100.0,100.0,100.0,99.0,99.0,71.0,92.0,100.0,100.0,97.0,51.0,100
1015,100.0,100.0,100.0,94.0,100.0,100.0,97.0,100.0,93.0,100.0,100.0,100.0,80
1016,100.0,100.0,100.0,92.0,93.0,100.0,96.0,100.0,92.0,100.0,99.0,100.0,83
1018,99.0,100.0,98.0,100.0,100.0,100.0,100.0,100.0,100.0,100.0,100.0,99.0,100
1019,88.0,87.0,86.0,88.0,87.0,81.0,82.0,85.0,88.0,88.0,67.0,80.0,82
1021,96.0,91.0,87.0,85.0,84.0,72.0,93.0,78.0,76.0,77.0,92.0,50.0,50
1023,100.0,87.0,78.0,99.0,98.0,93.0,85.0,92.0,98.0,97.0,97.0,92.0,93
1024,78.0,94.0,92.0,94.0,91.0,82.0,62.0,100.0,100.0,100.0,100.0,100.0,100
1025,100.0,100.0,100.0,100.0,100.0,100.0,100.0,100.0,100.0,100.0,78.0,100.0,100
1027,48.0,62.0,54.0,54.0,57.0,72.0,64.0,58.0,55.0,60.0,53.0,56.0,53
1028,100.0,100.0,100.0,50.0,55.0,100.0,100.0,100.0,56.0,88.0,50.0,50.0,52
1029,100.0,82.0,97.0,78.0,35.0,64.0,75.0,72.0,69.0,91.0,71.0,46.0,70
1030,90.0,87.0,84.0,58.0,65.0,86.0,69.0,89.0,80.0,85.0,70.0,70.0,80
1031,93.0,100.0,92.0,78.0,100.0,89.0,89.0,78.0,92.0,86.0,63.0,63.0,86
1032,100.0,100.0,100.0,50.0,50.0,100.0,52.0,51.0,100.0,100.0,51.0,50.0,78
1033,51.0,51.0,51.0,28.0,51.0,58.0,50.0,46.0,20.0,35.0,51.0,51.0,17
1034,100.0,100.0,100.0,94.0,100.0,100.0,100.0,100.0,92.0,90.0,100.0,80.0,95
1035,100.0,100.0,100.0,100.0,55.0,100.0,100.0,100.0,100.0,100.0,100.0,52.0,100
1036,100.0,100.0,97.0,99.0,76.0,100.0,95.0,100.0,99.0,98.0,83.0,92.0,96
1037,98.0,98.0,97.0,97.0,82.0,98.0,99.0,96.0,97.0,94.0,90.0,77.0,95
1038,63.0,68.0,77.0,15.0,30.0,65.0,36.0,47.0,11.0,35.0,61.0,27.0,87
1039,100.0,100.0,100.0,39.0,16.0,81.0,98.0,100.0,100.0,100.0,99.0,92.0,54
1041,83.0,100.0,100.0,100.0,100.0,100.0,100.0,100.0,100.0,100.0,100.0,51.0,100
1042,41.0,31.0,26.0,25.0,14.0,63.0,17.0,24.0,8.0,23.0,45.0,20.0,1
1043,52.0,1.0,49.0,1.0,1.0,51.0,41.0,48.0,34.0,42.0,20.0,53.0,21
1044,50.0,50.0,50.0,50.0,50.0,54.0,50.0,50.0,62.0,50.0,50.0,50.0,50
1045,98.0,98.0,98.0,96.0,97.0,98.0,97.0,97.0,97.0,96.0,98.0,89.0,95
1048,50.0,50.0,50.0,50.0,50.0,50.0,50.0,50.0,50.0,50.0,50.0,50.0,50
1049,100.0,100.0,100.0,100.0,100.0,50.0,50.0,50.0,89.0,75.0,50.0,50.0,79
1050,100.0,100.0,100.0,92.0,100.0,100.0,89.0,95.0,72.0,88.0,97.0,88.0,93
1051,100.0,89.0,88.0,77.0,82.0,68.0,62.0,81.0,50.0,75.0,40.0,65.0,31
1052,96.0,96.0,96.0,93.0,85.0,97.0,91.0,97.0,99.0,100.0,97.0,88.0,95
1053,94.0,89.0,93.0,82.0,56.0,93.0,50.0,50.0,50.0,48.0,50.0,50.0,76
1054,50.0,50.0,51.0,73.0,61.0,100.0,50.0,53.0,58.0,50.0,52.0,52.0,54
1055,97.0,100.0,100.0,97.0,85.0,97.0,91.0,97.0,95.0,90.0,96.0,94.0,99
1056,99.0,99.0,99.0,100.0,100.0,100.0,99.0,99.0,98.0,97.0,100.0,100.0,97
1057,100.0,100.0,100.0,84.0,80.0,98.0,58.0,69.0,63.0,32.0,97.0,94.0,87
1058,99.0,98.0,99.0,75.0,99.0,100.0,100.0,100.0,98.0,99.0,99.0,100.0,99
1059,50.0,45.0,47.0,43.0,38.0,43.0,44.0,40.0,44.0,41.0,43.0,42.0,36
1060,99.0,100.0,100.0,51.0,100.0,100.0,100.0,93.0,100.0,100.0,100.0,96.0,91
1061,100.0,100.0,100.0,100.0,100.0,100.0,100.0,100.0,100.0,100.0,100.0,100.0,100
1062,100.0,100.0,100.0,100.0,100.0,100.0,100.0,100.0,100.0,100.0,100.0,100.0,100
1063,92.0,92.0,95.0,82.0,59.0,81.0,81.0,94.0,62.0,59.0,85.0,74.0,78
1064,98.0,88.0,87.0,95.0,86.0,100.0,82.0,89.0,85.0,98.0,94.0,94.0,93
1065,100.0,100.0,100.0,96.0,100.0,100.0,100.0,95.0,100.0,99.0,98.0,99.0,100
